"","AllNICrimeData.Month","AllNICrimeData.Longitude","AllNICrimeData.Latitude","AllNICrimeData.Location","AllNICrimeData.Crime.type","Postcode"
"254729","2016-08",-7.3046,54.985403,"KNOCKWELLAN PARK","Anti-social behaviour","BT472JD"
"441688","2017-10",-5.756894,54.393313,"DOWNPATRICK ROAD","Anti-social behaviour","BT309EH"
"104398","2015-08",-5.812614,54.590478,"LEATHEM SQUARE","Vehicle crime","BT162QL"
"152002","2015-12",-5.945308,54.63002,"CAVEHILL ROAD","Anti-social behaviour","BT155BE"
"316597","2016-12",-5.944305,54.579912,"WINDSOR AVENUE","Vehicle crime","BT234QG"
"37693","2015-04",-5.900486,54.571441,"BANNAGH CORNER","Anti-social behaviour","BT60EJ"
"465204","2017-11",-6.657725,54.35603,"RAILWAY STREET","Other crime","BT235HQ"
"53640","2015-05",-5.899238,54.576469,"TRASSEY CLOSE","Anti-social behaviour","BT60DY"
"306013","2016-11",-6.274293,54.350085,"SCARVA WALK","Violence and sexual offences","BT323AB"
"259323","2016-08",-7.298181,54.9916,"ROSSDOWNEY GARDENS","Anti-social behaviour","BT475PW"
"461691","2017-11",-5.924849,54.597496,"SEYMOUR STREET","Shoplifting","BT274SQ"
"128074","2015-10",-6.64616,54.551189,"ASHLOUGH DRIVE","Anti-social behaviour","BT715EP"
"268135","2016-08",-7.523555,54.371359,"TEMPO ROAD","Violence and sexual offences","BT744RH"
"273402","2016-09",-7.322053,54.999964,"STRAND ROAD","Anti-social behaviour",NA
"458436","2017-11",-5.916331,54.652445,"SHORE ROAD","Criminal damage and arson","BT403HQ"
"63145","2015-05",-5.863608,54.584632,"KNOCKMOUNT GARDENS","Violence and sexual offences","BT56GP"
"11738","2015-02",-7.161642,54.41763,"MCCREA PARK","Anti-social behaviour","BT760AE"
"183129","2016-02",-5.800921,54.84804,"FLEET STREET","Vehicle crime","BT401BA"
"110220","2015-09",-5.922538,54.646191,"GRAYMOUNT ROAD","Anti-social behaviour","BT367DR"
"113875","2015-09",-7.235337,54.718048,"BELLVIEW COURT","Burglary","BT798AY"
"14241","2015-02",-5.806922,54.714128,"MARINE HIGHWAY","Anti-social behaviour","BT387BG"
"379537","2017-05",-5.895581,54.530078,"SAINTFIELD ROAD","Other theft","BT86GU"
"29231","2015-03",-6.061452,54.517146,"MONAVILLE AVENUE","Criminal damage and arson","BT282DF"
"436565","2017-09",-5.982872,54.594811,"BALLYMURPHY CRESCENT","Violence and sexual offences","BT127JH"
"166214","2016-01",-6.259602,54.879534,"BEECHGROVE MANOR","Anti-social behaviour","BT437NN"
"477161","2017-12",-5.660815,54.642216,"BALLYREE DRIVE","Violence and sexual offences","BT197HN"
"240773","2016-07",-5.856241,54.62002,"GLENDARRAGH MEWS","Anti-social behaviour","BT42WE"
"229084","2016-06",-5.913227,54.603864,"QUEENS ROAD","Anti-social behaviour","BT39DT"
"184126","2016-02",-6.326925,54.176934,"BALLYHOLLAND PARK","Violence and sexual offences","BT342BD"
"273548","2016-09",-5.66716,54.665045,"VICTORIA ROAD","Anti-social behaviour","BT820EB"
"316780","2016-12",-6.355642,54.474319,"SILVERWOOD COURT","Vehicle crime","BT666RP"
"75081","2015-06",-5.934292,54.600173,"BERRY STREET","Shoplifting","BT11FJ"
"109476","2015-09",-6.187618,54.712343,"RATHMORE GARDENS","Anti-social behaviour","BT411JQ"
"172784","2016-01",-5.939056,54.586435,"MINDS WAY","Violence and sexual offences","BT96PU"
"77682","2015-06",-6.683369,55.127831,"KYLEMORE ROAD","Violence and sexual offences","BT513HG"
"121146","2015-09",-5.956591,54.615332,"HAVANA WAY","Violence and sexual offences","BT147QH"
"138663","2015-11",-5.895723,54.553127,"NEWTON HEIGHTS","Anti-social behaviour","BT86HA"
"248090","2016-07",-5.95308,54.574562,"MARLBOROUGH PARK SOUTH","Criminal damage and arson","BT96HR"
"305526","2016-11",-6.507051,55.065923,"RACEVIEW AVENUE","Violence and sexual offences","BT537UF"
"459019","2017-11",-5.921378,54.640385,"SHORE CRESCENT","Criminal damage and arson","BT154JR"
"418304","2017-08",-6.94734,55.045483,"BENBRADAGH AVENUE","Criminal damage and arson","BT490AP"
"439716","2017-10",-5.845406,54.864121,"KILLYGLEN ROAD","Anti-social behaviour","BT402HX"
"45892","2015-04",-5.923546,54.551946,"CASTLEDILLON ROAD","Other theft","BT87BJ"
"145852","2015-11",-5.922319,54.584882,"RUTLAND STREET","Shoplifting","BT72FJ"
"112264","2015-09",-5.637513,54.648646,"CLOVERHILL GARDENS","Anti-social behaviour","BT42LH"
"343096","2017-02",-7.317373,55.010537,"STRAND ROAD","Other crime",NA
"453797","2017-11",-5.939744,54.616331,"BROOKHILL AVENUE","Anti-social behaviour","BT146BS"
"473791","2017-12",-7.321801,54.995453,"THE DIAMOND","Shoplifting","BT515QH"
"398958","2017-07",-6.923749,54.592787,"MAIN STREET","Anti-social behaviour","BT536AN"
"264001","2016-08",-5.867616,54.695247,"FAUNORAN PARK","Other theft","BT388UU"
"470306","2017-12",-5.828491,54.634315,"INVER PARK","Burglary","BT189NF"
"83528","2015-07",-5.916372,54.5738,"ROSSMORE AVENUE","Anti-social behaviour","BT73HB"
"297913","2016-11",-6.278223,54.865264,"MILL STREET","Anti-social behaviour","BT784AY"
"198835","2016-03",-6.390546,54.443838,"PARKMORE","Violence and sexual offences","BT642AG"
"130981","2015-10",-5.943897,54.607956,"MALVERN CLOSE","Criminal damage and arson","BT131EB"
"62071","2015-05",-6.358411,54.376632,"HUNTERS HILL PARK","Violence and sexual offences","BT636TA"
"12003","2015-02",-6.318016,54.821602,"WHITESIDES ROAD","Anti-social behaviour","BT413EX"
"283643","2016-10",-6.674155,54.842977,"HALL CRESCENT","Anti-social behaviour","BT465DT"
"283519","2016-10",-7.35443,54.95811,"PRIMITY CRESCENT","Anti-social behaviour","BT472RA"
"186516","2016-03",-7.71676,54.400589,"LOUGH SHORE ROAD","Anti-social behaviour","BT933BT"
"235884","2016-06",-5.853004,54.617097,"KNOCKNAGONEY AVENUE","Public order","BT42PZ"
"422529","2017-08",-5.948555,54.580909,"LOWER WINDSOR AVENUE","Vehicle crime","BT97DW"
"27634","2015-03",-5.661727,54.662756,"BEATRICE ROAD","Anti-social behaviour","BT205DG"
"157896","2015-12",-5.918743,54.67981,"HILLCREST DRIVE","Other theft","BT366EQ"
"151395","2015-12",-7.330226,55.005543,"PARK AVENUE","Anti-social behaviour","BT204JU"
"57704","2015-05",-6.514348,54.409711,"DRUMARD ROAD","Criminal damage and arson","BT931RW"
"267282","2016-08",-5.933006,54.587985,"BOTANIC AVENUE","Violence and sexual offences","BT71JQ"
"321868","2017-01",-7.296901,54.993354,"ROSSDOWNEY DRIVE","Anti-social behaviour","BT475PR"
"288178","2016-10",-6.027179,54.550842,"ALMOND DRIVE","Burglary","BT170DG"
"166161","2016-01",-7.769649,54.378809,"CROTT ROAD","Anti-social behaviour","BT748FH"
"198531","2016-03",-5.962496,54.669691,"RURAL GARDENS","Violence and sexual offences","BT367UD"
"362584","2017-04",-7.326392,55.036575,"FERNDALE PARK","Criminal damage and arson","BT473XB"
"194909","2016-03",-5.874591,54.60365,"EDGCUMBE GARDENS","Other theft","BT42EG"
"389657","2017-06",-6.785737,54.504301,"ASHDENE","Anti-social behaviour","BT701JL"
"341355","2017-02",-6.206276,54.502517,"MAGHABERRY ROAD","Violence and sexual offences","BT670ND"
"67182","2015-06",-6.97749,54.415546,"RAVELLA ROAD","Anti-social behaviour","BT696AT"
"255852","2016-08",-6.377568,54.447312,"ENNISKEEN","Anti-social behaviour","BT654AE"
"194793","2016-03",-5.876847,54.602827,"SYDENHAM CRESCENT","Other theft","BT41PX"
"327386","2017-01",-5.922319,54.584882,"RUTLAND STREET","Other theft","BT72FJ"
"104597","2015-08",-8.089965,54.481667,"DALY PARK","Vehicle crime","BT933FJ"
"457542","2017-11",-6.508002,55.073185,"BELFORD PARK","Burglary","BT536HR"
"38309","2015-04",-5.92735,54.585732,"MAGDALA STREET","Anti-social behaviour","BT71PU"
"379399","2017-05",-6.009135,54.568399,"STEWARTSTOWN ROAD","Other theft","BT714PF"
"460886","2017-11",-6.043225,54.555954,"LAGMORE VIEW","Other theft","BT170UL"
"82336","2015-07",-6.050356,54.508881,"MANOR DRIVE","Anti-social behaviour","BT281QX"
"264010","2016-08",-5.830809,54.459431,"QUEENS PARK NORTH","Other theft","BT247AU"
"268874","2016-09",-7.324463,54.999726,"GREAT JAMES STREET","Anti-social behaviour","BT487DG"
"453944","2017-11",-6.688922,54.533916,"TIROWEN COURT","Anti-social behaviour",NA
"198086","2016-03",-6.390328,54.122641,"ST. MONINNA PARK","Violence and sexual offences","BT358SL"
"392074","2017-06",-6.329514,54.473808,"DEENY DRIVE","Drugs","BT679EP"
"375261","2017-05",-6.751259,54.646101,"PARKMOUNT","Anti-social behaviour","BT808AY"
"431035","2017-09",-5.837164,54.594666,"UPPER NEWTOWNARDS ROAD","Anti-social behaviour","BT43LQ"
"173507","2016-01",-7.467733,54.828893,"RAILWAY STREET","Violence and sexual offences","BT235HQ"
"248481","2016-07",-5.796284,54.594324,"CRAIGNISH CRESCENT","Drugs","BT162NP"
"282528","2016-10",-5.946728,54.608597,"LYLE COURT","Anti-social behaviour","BT131GE"
"435331","2017-09",-5.976491,54.577777,"KENNEDY WAY INDUSTRIAL ESTATE","Shoplifting",NA
"119778","2015-09",-6.462086,54.425822,"CORCRAIN DRIVE","Violence and sexual offences","BT624DT"
"438775","2017-09",-5.926351,54.611475,"ORCHARD STREET","Violence and sexual offences","BT828HS"
"475893","2017-12",-7.318121,54.993133,"BRIDGE STREET","Violence and sexual offences","BT440RP"
"281347","2016-09",-6.192086,54.69321,"ABBEY GARDENS","Violence and sexual offences","BT222DJ"
"255711","2016-08",-5.932878,54.599682,"CHAPEL LANE","Anti-social behaviour","BT622LU"
"88320","2015-07",-7.349926,54.995391,"BLIGH'S LANE","Other theft",NA
"180726","2016-02",-5.959062,54.629992,"SUNNINGDALE GARDENS","Drugs","BT146SF"
"234863","2016-06",-7.323567,55.027864,"BLOOMFIELD PARK","Other theft","BT55JW"
"217680","2016-05",-5.902308,54.688808,"GLENKEEN AVENUE","Anti-social behaviour","BT388SW"
"299348","2016-11",-6.345557,54.17712,"PATRICK STREET","Anti-social behaviour","BT358DN"
"207406","2016-04",-7.622508,54.474884,"HAZELWOOD","Other theft","BT828QX"
"1616","2015-01",-5.874591,54.60365,"EDGCUMBE GARDENS","Anti-social behaviour","BT42EG"
"214019","2016-05",-5.934224,54.690992,"KNOCKVIEW ROAD","Anti-social behaviour","BT366TT"
"375143","2017-05",-7.282008,55.008411,"BRIDGEWATER","Anti-social behaviour","BT476YA"
"299931","2016-11",-5.789903,54.58559,"LONGSTONE AVENUE","Anti-social behaviour","BT162DX"
"329749","2017-01",-6.044499,54.513512,"RAILWAY STREET","Violence and sexual offences","BT235HQ"
"466520","2017-12",-5.905722,54.573994,"FLUSH PARK","Anti-social behaviour","BT282FP"
"196773","2016-03",-5.794166,54.59114,"DRUMADOON DRIVE","Violence and sexual offences","BT162PT"
"222939","2016-05",-7.47791,54.814376,"GREEVES PARK","Vehicle crime","BT829LG"
"226303","2016-05",-5.691051,54.654612,"BELFAST ROAD","Violence and sexual offences","BT203GS"
"358136","2017-04",-5.931513,54.599137,"CASTLE STREET","Anti-social behaviour","BT210DN"
"292645","2016-10",-5.936137,54.625497,"SKEGONEILL AVENUE","Vehicle crime","BT153JP"
"83635","2015-07",-5.966162,54.602851,"WORKMAN AVENUE","Anti-social behaviour","BT133FB"
"83180","2015-07",-5.977698,54.622093,"GLENBANK DRIVE","Anti-social behaviour","BT170SQ"
"34854","2015-03",-5.932269,54.624506,"QUEEN VICTORIA GARDENS","Violence and sexual offences","BT153LW"
"281831","2016-10",-6.44857,54.420582,"SHILLINGTON STREET","Anti-social behaviour","BT623PF"
"16527","2015-02",-5.94857,54.692242,"LARCH GROVE","Criminal damage and arson","BT179QG"
"235811","2016-06",-6.357176,54.449138,"DRUMBEG","Possession of weapons","BT655AH"
"85702","2015-07",-6.013858,54.75466,"THORNHILL PARADE","Criminal damage and arson","BT57AU"
"399208","2017-07",-7.638979,54.35435,"FOXHILL CLOSE","Anti-social behaviour","BT746EF"
"35597","2015-03",-7.6534,54.533647,"KILLYCAPPY ROAD","Violence and sexual offences","BT930FQ"
"407952","2017-07",-6.333109,54.460516,"CORONATION STREET","Shoplifting","BT623BA"
"429394","2017-09",-5.820399,54.846334,"BANK ROAD","Anti-social behaviour","BT403AJ"
"283684","2016-10",-5.883809,54.57514,"GLENSHARRAGH GARDENS","Anti-social behaviour","BT69PE"
"256271","2016-08",-6.333189,54.186069,"ASHGROVE ROAD","Anti-social behaviour","BT618DB"
"67783","2015-06",-6.209092,54.621902,"BALLYDONAGHY ROAD","Anti-social behaviour","BT294ER"
"123683","2015-10",-5.808482,54.716564,"ALBERT ROAD","Anti-social behaviour","BT388AD"
"285176","2016-10",-6.32366,54.757462,"TRESNA PARK","Anti-social behaviour","BT413HH"
"276006","2016-09",-6.019734,54.578475,"MEADOWHILL GRANGE","Criminal damage and arson","BT118QS"
"413535","2017-08",-5.673955,54.64733,"THE GREEN","Anti-social behaviour","BT635LH"
"88670","2015-07",-7.318883,54.994278,"BRIDGE STREET","Other theft","BT440RP"
"371923","2017-05",-5.876207,54.578259,"CLONDUFF DRIVE","Anti-social behaviour","BT69NS"
"54595","2015-05",-5.913196,54.679742,"KINGS ROAD","Anti-social behaviour","BT389PT"
"373048","2017-05",-6.377124,54.188062,"OAK CLOSE","Anti-social behaviour","BT357LH"
"150346","2015-12",-7.324472,54.996429,"ROSSVILLE STREET","Anti-social behaviour","BT486LP"
"368156","2017-04",-5.651486,54.398532,"STRANGFORD VIEW","Violence and sexual offences","BT222SE"
"20258","2015-02",-7.327708,55.02803,"FERGLEEN PARK","Vehicle crime","BT488LE"
"49349","2015-04",-5.972852,54.559494,"FINNIS CLOSE","Violence and sexual offences","BT96QW"
"309727","2016-12",-6.187618,54.712343,"RATHMORE GARDENS","Anti-social behaviour","BT411JQ"
"378182","2017-05",-6.336354,54.17861,"BASIN QUAY","Drugs","BT356HX"
"376043","2017-05",-6.505833,54.416434,"RED LION ROAD","Burglary","BT618NU"
"108466","2015-09",-6.247821,54.104009,"ROSSMARA PARK","Anti-social behaviour","BT343NX"
"370415","2017-05",-6.51431,55.066892,"SEYMOUR STREET","Anti-social behaviour","BT274SQ"
"90985","2015-07",-7.322421,55.003137,"STRAND ROAD","Violence and sexual offences",NA
"414714","2017-08",-5.68509,54.594278,"WALLACES PLACE","Anti-social behaviour","BT238HL"
"26185","2015-03",-6.467622,54.431489,"SELSHION  HALL","Anti-social behaviour",NA
"446748","2017-10",-7.453814,54.820361,"INNISFREE GARDENS","Criminal damage and arson","BT828JD"
"197613","2016-03",-5.654877,54.637986,"GIBSON'S GREEN","Violence and sexual offences","BT197SQ"
"252319","2016-07",-6.398568,54.446065,"TWINEM COURT","Violence and sexual offences","BT635FH"
"88158","2015-07",NA,NA,"NO LOCATION","Other theft",NA
"89748","2015-07",-7.312026,54.993278,"BONDS HILL","Vehicle crime","BT476DW"
"262223","2016-08",-6.357795,54.372401,"CASTLEVIEW","Criminal damage and arson","BT717UH"
"112733","2015-09",-6.62034,55.192549,"CRAIGAHULLIAR ROAD","Anti-social behaviour","BT568NN"
"335927","2017-02",-6.047384,54.514215,"NORTH CIRCULAR ROAD","Burglary","BT146TN"
"299463","2016-11",-5.93075,54.60014,"BERRY STREET","Anti-social behaviour","BT11FJ"
"149199","2015-11",-6.445977,54.422345,"WEST STREET","Violence and sexual offences","BT389HR"
"463135","2017-11",-5.83717,54.861136,"BALLYCRAIGY RING","Violence and sexual offences","BT402EY"
"295924","2016-10",-5.951492,54.256988,"BURREN WALK","Violence and sexual offences","BT319AF"
"403995","2017-07",-7.457738,54.836287,"DERRY ROAD","Burglary","BT785DR"
"130406","2015-10",-5.443423,54.459813,"THE TIDES","Criminal damage and arson","BT221SE"
"284766","2016-10",-6.283881,54.872145,"BALLYMONEY ROAD","Anti-social behaviour","BT435HJ"
"438601","2017-09",-5.92332,54.634515,"SHORE ROAD","Violence and sexual offences","BT403HQ"
"212956","2016-05",-6.071862,54.509271,"MOIRA PARK","Anti-social behaviour","BT204RJ"
"422775","2017-08",-5.936683,54.615614,"PONSONBY AVENUE","Violence and sexual offences","BT152LS"
"441808","2017-10",-6.388544,55.18136,"ISLANDMACALLION ROAD","Anti-social behaviour","BT538XB"
"430545","2017-09",-7.661478,54.334023,"SCAFFOG PARK","Anti-social behaviour","BT747JQ"
"408896","2017-07",-5.882692,54.605921,"SANDBROOK GARDENS","Violence and sexual offences","BT41NH"
"104804","2015-08",-6.460573,54.423008,"HARTFIELD AVENUE","Violence and sexual offences","BT624DF"
"470069","2017-12",-7.47373,54.790203,"THE HAWTHORNS","Burglary","BT521SL"
"52754","2015-05",-6.267041,54.355004,"MOUNTVIEW PARK","Anti-social behaviour","BT274JH"
"89922","2015-07",-6.293769,54.459382,"KENSINGTON MANOR","Vehicle crime","BT667HR"
"277505","2016-09",-5.970655,54.590635,"ROCKDALE STREET","Other theft","BT127PA"
"417270","2017-08",-7.024101,54.893187,"CHERRY LANE","Anti-social behaviour","BT474RN"
"76555","2015-06",-5.934882,54.589437,"DONEGALL ROAD","Violence and sexual offences","BT126DY"
"83498","2015-07",-5.979548,54.578511,"ANDERSONSTOWN ROAD","Anti-social behaviour","BT119EA"
"156819","2015-12",-7.637091,54.474102,"HUDSON HEIGHTS","Drugs","BT941FS"
"397799","2017-07",-5.706257,54.331905,"MARIAN PARK","Anti-social behaviour","BT308DJ"
"381888","2017-05",-6.55725,54.773996,"CASTLE DRIVE","Violence and sexual offences","BT458RS"
"154285","2015-12",-5.936878,54.611152,"KINNAIRD TERRACE","Burglary","BT146BN"
"95137","2015-08",-7.321907,54.999307,"STRAND ROAD","Anti-social behaviour",NA
"413778","2017-08",-6.05206,54.510391,"GOVERNORS RD ROUNDABOUT","Anti-social behaviour",NA
"263885","2016-08",-6.258507,55.208005,"CAMAN CRESCENT","Other theft","BT546EP"
"158760","2015-12",-5.978141,54.580374,"BLACKSTAFF ROAD","Shoplifting",NA
"258801","2016-08",-6.4896,55.068349,"CARNANY DRIVE","Anti-social behaviour","BT537HS"
"297138","2016-11",-6.032555,54.560858,"GLENKEEN","Anti-social behaviour","BT413JX"
"31071","2015-03",-5.92717,54.65716,"LONGLANDS AVENUE","Other theft","BT367FD"
"342077","2017-02",-5.956362,54.606631,"ORKNEY STREET","Violence and sexual offences","BT412TQ"
"316623","2016-12",-6.09845,54.841908,"BALLYNULTO ROAD","Vehicle crime","BT424RJ"
"174588","2016-02",-6.333884,54.183644,"DOWNSHIRE COURT","Anti-social behaviour","BT341DA"
"180644","2016-02",-6.006864,54.569629,"SUFFOLK PARADE","Drugs","BT119JR"
"451960","2017-10",-6.952247,55.0499,"CATHERINE STREET","Violence and sexual offences","BT499DA"
"433529","2017-09",-7.302213,55.003229,"EBRINGTON PARK","Drugs","BT476JE"
"428892","2017-09",-5.70706,54.650199,"OLD BELFAST ROAD","Anti-social behaviour","BT191RB"
"127158","2015-10",-6.052203,54.517761,"BELLEVUE DRIVE","Anti-social behaviour","BT283DJ"
"126858","2015-10",-5.912945,54.655307,"MERVILLE GARDEN VILLAGE","Anti-social behaviour","BT379TY"
"102279","2015-08",-5.956591,54.615332,"HAVANA WAY","Other theft","BT147QH"
"13412","2015-02",-7.287233,54.609856,"CASTLEVIEW CRESCENT","Anti-social behaviour","BT797XP"
"396131","2017-06",-7.457839,54.822975,"ORCHARD STREET","Violence and sexual offences","BT828HS"
"273861","2016-09",-5.927783,54.597923,"ARTHUR PLACE","Bicycle theft","BT14HG"
"102934","2015-08",-5.54749,54.381412,"THE SQUARE","Other theft","BT714LN"
"197395","2016-03",-5.930305,54.598533,"DONEGALL PLACE","Violence and sexual offences","BT486NU"
"449436","2017-10",-5.801218,54.593802,"BURTON AVENUE","Shoplifting","BT161RU"
"289088","2016-10",-5.948188,54.618649,"CLIFTONVILLE PARADE","Criminal damage and arson","BT146LQ"
"48096","2015-04",-6.033125,54.549007,"LAGMORE DALE","Violence and sexual offences","BT170TF"
"137687","2015-11",-5.939884,54.576485,"SYCAMORE PARK","Anti-social behaviour","BT95BW"
"414119","2017-08",-5.841308,54.631552,"THE GREEN","Anti-social behaviour","BT635LH"
"349914","2017-03",-5.924518,54.583626,"PENROSE STREET","Criminal damage and arson","BT71QX"
"306235","2016-11",-5.99865,54.581353,"AIRFIELD HEIGHTS","Violence and sexual offences","BT118QU"
"392285","2017-06",-7.464175,54.826156,"CASTLE STREET","Other theft","BT210DN"
"451172","2017-10",-6.66969,54.689469,"WOODVALE CRESCENT","Violence and sexual offences","BT457PT"
"96570","2015-08",-6.001941,54.753763,"RASHEE ROAD","Anti-social behaviour","BT399HJ"
"376083","2017-05",-5.944916,54.5779,"WINDSOR MEWS","Burglary","BT96FD"
"367615","2017-04",-5.918387,54.577357,"DERAMORE STREET","Violence and sexual offences","BT73FS"
"112750","2015-09",-5.947112,54.597902,"ROUMANIA RISE","Anti-social behaviour","BT124SX"
"429849","2017-09",-5.892035,54.577574,"MONTGOMERY ROAD","Anti-social behaviour","BT69HL"
"56420","2015-05",-5.910804,54.563829,"SAINTFIELD ROAD","Burglary","BT86GU"
"32313","2015-03",-5.907281,54.211471,"KINGHILL AVENUE","Public order","BT330RU"
"132113","2015-10",-7.317728,54.591931,"CULMORE PARK","Other theft","BT785AF"
"53798","2015-05",-6.330785,54.45813,"TRASNA WAY","Anti-social behaviour","BT920LU"
"55279","2015-05",-6.347986,54.455671,"DINGWELL PARK","Anti-social behaviour","BT668PS"
"183365","2016-02",-5.936846,54.625869,"SKEGONEILL AVENUE","Violence and sexual offences","BT153JP"
"20514","2015-02",-6.003206,54.760882,"RASHEE PARK","Violence and sexual offences","BT399SD"
"149290","2015-11",-7.314332,54.986303,"STRABANE OLD ROAD","Violence and sexual offences","BT472QB"
"225383","2016-05",-5.987959,54.629389,"LIGONIEL ROAD","Violence and sexual offences","BT148DQ"
"51233","2015-05",-6.664947,55.133056,"RAILWAY ROAD","Anti-social behaviour","BT521PD"
"79165","2015-07",-7.310418,54.598833,"GREAT NORTHERN ROAD","Anti-social behaviour",NA
"254691","2016-08",-7.461854,54.817019,"LINKSIDE PARK","Anti-social behaviour","BT829FN"
"45017","2015-04",-7.364852,54.183236,"CAMPHILL PARK","Drugs","BT422DH"
"81827","2015-07",-7.278953,55.000947,"CANTERBURY PARK","Anti-social behaviour","BT476DU"
"449172","2017-10",-7.473778,54.829522,"LIFFORD ROAD","Shoplifting","BT828ER"
"236456","2016-06",-5.719564,54.325094,"MARKET STREET","Shoplifting","BT538RG"
"437893","2017-09",-6.047399,54.506129,"HILLSBOROUGH ROAD","Violence and sexual offences","BT88HR"
"11166","2015-01",-5.674961,54.584649,"TERN PARK","Other crime","BT238FP"
"401473","2017-07",-5.900508,54.108332,"KILKEEL ROAD","Anti-social behaviour","BT344TJ"
"469812","2017-12",-5.853472,54.577921,"RAVENSWOOD PARK","Anti-social behaviour","BT57JU"
"45762","2015-04",-6.178567,54.704148,"BELFAST ROAD","Other theft","BT203GS"
"450215","2017-10",-6.359474,54.37352,"DUNBARTON STREET","Violence and sexual offences","BT636HJ"
"374518","2017-05",-5.690373,54.648534,"MONEA DRIVE","Anti-social behaviour","BT191AQ"
"161699","2015-12",-5.89215,54.216005,"DUNWELLAN PARK","Violence and sexual offences","BT330DD"
"72914","2015-06",-6.945403,55.047146,"GRANGE PARK","Drugs","BT308JQ"
"132895","2015-10",-5.886316,54.594816,"BATLEY STREET","Public order","BT55BW"
"425870","2017-09",-5.957396,54.671852,"CARNMONEY ROAD","Anti-social behaviour","BT366JR"
"370365","2017-05",-5.957446,54.604448,"BATTENBERG STREET","Anti-social behaviour","BT133AU"
"198297","2016-03",-5.705956,54.580388,"SHACKLETON WALK","Violence and sexual offences","BT234RF"
"159699","2015-12",-7.327805,54.998936,"CREGGAN STREET","Violence and sexual offences","BT489AP"
"444761","2017-10",-5.899882,54.112239,"GLASSDRUMMAN ROAD","Anti-social behaviour","BT248TW"
"420204","2017-08",-6.780518,54.507447,"SPRINGDALE","Drugs","BT701EJ"
"168803","2016-01",-6.453497,54.424355,"OBINS DRIVE","Drugs","BT621DE"
"139505","2015-11",-5.82395,54.850369,"LATHARNA HOUSES","Anti-social behaviour","BT401LL"
"139958","2015-11",-7.265523,55.032953,"ROSSMORE PLACE","Anti-social behaviour","BT490WB"
"69237","2015-06",-5.933398,54.597974,"COLLEGE STREET","Anti-social behaviour","BT619BT"
"86886","2015-07",-7.325996,55.000579,"PRINCES STREET","Criminal damage and arson","BT679DB"
"9300","2015-01",-5.985128,54.585172,"UPTON COURT","Violence and sexual offences","BT118EU"
"152038","2015-12",-6.559275,54.955508,"CLARAGH HILL PARK","Anti-social behaviour","BT515YW"
"232338","2016-06",-5.533012,54.643012,"PARADE","Burglary","BT210HE"
"380300","2017-05",-5.932871,54.597992,"COLLEGE STREET","Shoplifting","BT619BT"
"10690","2015-01",-7.381029,54.938881,"BLACKSTONE PARK","Violence and sexual offences","BT472SB"
"435060","2017-09",-7.630614,54.340481,"DERRYCHARA ROAD","Shoplifting","BT746JF"
"341019","2017-02",-5.972613,54.593894,"WESTROCK GARDENS","Violence and sexual offences","BT127PW"
"311175","2016-12",-6.765738,54.503551,"HENRY STREET","Anti-social behaviour","BT536HX"
"325816","2017-01",-6.351724,54.194581,"SANDY HILL","Criminal damage and arson","BT356BJ"
"23655","2015-03",-6.281165,54.348674,"BALLYGOWAN PARK","Anti-social behaviour","BT323AL"
"326888","2017-01",-7.170318,54.718043,"CROCKANBOY ROAD","Other theft","BT797RS"
"186624","2016-03",-6.466877,55.122172,"TRAVERS PLACE","Anti-social behaviour","BT538BX"
"151063","2015-12",-6.217936,54.620774,"CIDERCOURT ROAD","Anti-social behaviour","BT294XQ"
"30212","2015-03",-6.523923,54.301342,"GOSFORD VIEW MANOR","Criminal damage and arson","BT601PF"
"355936","2017-03",-5.893466,54.201588,"LAWNFIELD GROVE","Violence and sexual offences","BT330US"
"119635","2015-09",-6.189383,54.71697,"DUNAMOY DRIVE","Violence and sexual offences","BT411LD"
"242803","2016-07",-6.354298,54.449396,"DRUMBEG","Anti-social behaviour","BT655AH"
"29917","2015-03",-6.663686,55.133707,"RAILWAY PLACE","Criminal damage and arson","BT521PQ"
"375486","2017-05",-6.927344,55.038535,"MOUNT EDEN","Anti-social behaviour","BT490RP"
"437269","2017-09",-7.312982,54.5945,"O'KANE PARK","Violence and sexual offences","BT829EY"
"313011","2016-12",-6.673009,55.130584,"FERRYQUAY PLACE","Criminal damage and arson","BT521DF"
"424840","2017-08",-5.932404,54.586753,"BOTANIC AVENUE","Violence and sexual offences","BT71JQ"
"375858","2017-05",-5.931045,54.606524,"LANCASTER STREET","Bicycle theft","BT151EZ"
"275882","2016-09",-7.464856,54.294429,"BOYHILL ROAD","Criminal damage and arson","BT944LL"
"472148","2017-12",-7.322511,54.996849,"WATERLOO STREET","Drugs","BT486HE"
"347326","2017-03",-7.476167,54.821654,"LISNAFIN PARK","Anti-social behaviour","BT829DW"
"293105","2016-10",-6.012214,54.56615,"DONEGORE GARDENS","Violence and sexual offences","BT119NA"
"438328","2017-09",-6.04908,54.294368,"BALLYMACKILREINY ROAD","Violence and sexual offences","BT319RB"
"421806","2017-08",-7.312676,55.022835,"GREENHAW ROAD","Shoplifting","BT487SB"
"316157","2016-12",-5.894829,54.58128,"THE VILLAGE GREEN","Shoplifting","BT473WB"
"171597","2016-01",-5.897034,54.599738,"DEE STREET","Violence and sexual offences","BT41FT"
"271898","2016-09",-5.674099,54.660811,"DUFFERIN AVENUE","Anti-social behaviour","BT203AD"
"206421","2016-04",-6.933375,55.042945,"DRUMACHOSE PARK","Criminal damage and arson","BT490NZ"
"471672","2017-12",-5.886107,54.577049,"MEROK CRESCENT","Criminal damage and arson","BT69LZ"
"321559","2017-01",-6.059457,54.499638,"AVONMORE PARK","Anti-social behaviour","BT281NA"
"200246","2016-04",-6.326307,54.161894,"MAPLE GROVE","Anti-social behaviour","BT252BQ"
"88807","2015-07",NA,NA,"NO LOCATION","Possession of weapons",NA
"139181","2015-11",-6.042678,54.510895,"MARKET SQUARE","Anti-social behaviour","BT701AL"
"61333","2015-05",-6.92113,54.925751,"GARVAGH ROAD","Violence and sexual offences","BT474LT"
"102403","2015-08",-5.967424,54.611067,"WOODVALE PARADE","Other theft","BT133LH"
"334911","2017-02",-5.948937,54.614547,"BALLYCASTLE COURT","Anti-social behaviour","BT146HF"
"91140","2015-07",-6.08305,54.462916,"MAIN STREET","Violence and sexual offences","BT536AN"
"131849","2015-10",-7.157173,55.038978,"LONGFIELD ROAD","Other theft","BT473PY"
"19186","2015-02",-5.920727,54.578475,"BLACKWOOD STREET","Other theft","BT73AS"
"92487","2015-07",-6.255795,54.642026,"THE DIAMOND ROAD","Violence and sexual offences","BT294DB"
"248390","2016-07",-5.894494,54.591976,"HEATHERBELL STREET","Drugs","BT54SP"
"202771","2016-04",-6.033605,54.564091,"BRIANS WELL ROAD","Anti-social behaviour",NA
"142319","2015-11",-5.933062,54.602452,"NORTH STREET","Criminal damage and arson","BT546BN"
"313217","2016-12",-5.922152,54.58452,"BALFOUR AVENUE","Criminal damage and arson","BT389RD"
"71422","2015-06",-6.006047,54.569256,"SUFFOLK CRESCENT","Criminal damage and arson","BT119JT"
"466701","2017-12",-6.774888,54.505225,"DONAGHMORE ROAD","Anti-social behaviour","BT701HD"
"452052","2017-10",-5.959712,54.591341,"BROADWAY","Violence and sexual offences","BT126HY"
"107508","2015-08",-6.773289,54.50193,"SCOTCH STREET","Violence and sexual offences","BT701AR"
"145721","2015-11",-5.934292,54.600173,"BERRY STREET","Shoplifting","BT11FJ"
"39985","2015-04",-5.808883,54.586205,"OLD DUNDONALD MEWS","Anti-social behaviour","BT161DA"
"384386","2017-06",-6.686106,54.52156,"CRANEBROOK CRESCENT","Anti-social behaviour","BT716JH"
"295610","2016-10",-6.415775,54.269358,"CORRINARE ROAD","Violence and sexual offences","BT602DW"
"41111","2015-04",-6.024845,54.568414,"COLINBROOK DRIVE","Anti-social behaviour","BT170PG"
"374077","2017-05",-5.70894,54.316006,"BALLYMOTE PARK","Anti-social behaviour","BT306RW"
"207463","2016-04",-5.887856,54.591977,"GREENVILLE ROAD","Other theft","BT55EP"
"417367","2017-08",-7.292844,54.993061,"RICHBURN GARDENS","Anti-social behaviour","BT475QJ"
"269407","2016-09",-5.834758,54.639387,"DOWNSHIRE MEWS","Anti-social behaviour","BT189LX"
"315937","2016-12",-5.934292,54.600173,"BERRY STREET","Shoplifting","BT11FJ"
"20585","2015-02",-5.933895,54.587857,"LOWER CRESCENT","Violence and sexual offences","BT235BU"
"417709","2017-08",-6.278311,54.873449,"HOLLAND PARK","Bicycle theft","BT436JS"
"420577","2017-08",-5.816203,54.647132,"BROWN'S PARK","Other theft","BT180AB"
"212788","2016-05",-6.37954,54.446952,"ENNISKEEN","Anti-social behaviour","BT654AE"
"336718","2017-02",-5.956551,54.600704,"KASHMIR ROAD","Criminal damage and arson","BT132SB"
"379955","2017-05",-5.923546,54.551946,"CASTLEDILLON ROAD","Shoplifting","BT87BJ"
"61092","2015-05",-7.263251,55.049404,"CLONLIFFE PARK","Vehicle crime","BT488NT"
"256333","2016-08",-5.747611,54.669803,"QUARRY COURT","Anti-social behaviour","BT222UB"
"399036","2017-07",-7.629177,54.359998,"DRUMBEG","Anti-social behaviour","BT655AH"
"842","2015-01",-7.325601,55.001753,"ASYLUM ROAD","Anti-social behaviour","BT487DL"
"448828","2017-10",-5.93009,54.606436,"LANCASTER STREET","Possession of weapons","BT151EZ"
"11723","2015-02",-7.344126,54.990788,"KILDRUM GARDENS","Anti-social behaviour","BT489RX"
"267537","2016-08",-6.749005,54.640311,"RATHBEG","Violence and sexual offences","BT808HR"
"210269","2016-04",-6.412067,54.430664,"OLD LURGAN ROAD","Violence and sexual offences","BT635SQ"
"201071","2016-04",-6.761538,54.434151,"STILOGA ROAD","Anti-social behaviour","BT717DW"
"362879","2017-04",-5.919266,54.6614,"BALLYRONAN PARK","Criminal damage and arson","BT379BS"
"297395","2016-11",-6.052099,54.511829,"RIDGEWAY STREET","Anti-social behaviour","BT95FB"
"424293","2017-08",-7.295629,55.032906,"O'DONOVAN ROAD","Violence and sexual offences","BT488PS"
"432117","2017-09",-6.672222,54.687934,"ELM PARK","Criminal damage and arson","BT619QF"
"98205","2015-08",-7.310696,54.987019,"TRENCH ROAD","Anti-social behaviour","BT473UA"
"248761","2016-07",-6.056397,55.075751,"BELLISK PARK","Other theft","BT440AF"
"104641","2015-08",-5.979732,54.564785,"RICHMOND PARK","Vehicle crime","BT436JT"
"137767","2015-11",-6.4418,54.423594,"MEADOW LANE","Anti-social behaviour","BT623NJ"
"165224","2016-01",-7.322244,54.996974,"WATERLOO STREET","Anti-social behaviour","BT486HE"
"282753","2016-10",-6.620179,54.753724,"MULLAGHBOY GLEN","Anti-social behaviour","BT455GX"
"140860","2015-11",-6.338872,54.173093,"GEORGES LANE","Anti-social behaviour","BT341AQ"
"301983","2016-11",-6.002914,54.549851,"MALONE GARDENS","Criminal damage and arson","BT179RX"
"225500","2016-05",-5.937018,54.615737,"PONSONBY AVENUE","Violence and sexual offences","BT152LS"
"203753","2016-04",-7.640938,54.344887,"PAGET SQUARE","Anti-social behaviour","BT747HS"
"126080","2015-10",-5.90613,54.595286,"ALBERTBRIDGE ROAD","Anti-social behaviour","BT54PY"
"44468","2015-04",-6.260203,54.112823,"UPPER DROMORE ROAD","Criminal damage and arson","BT343PN"
"466728","2017-12",-5.946421,54.614693,"ROSAPENNA WALK","Anti-social behaviour","BT146GY"
"183390","2016-02",-6.649854,55.202958,"HAMILTON PLACE LANE","Violence and sexual offences","BT568DR"
"299830","2016-11",-6.045229,54.507594,"NICHOLSON GARDENS","Anti-social behaviour","BT281YW"
"362638","2017-04",-5.485191,54.544018,"THE SQUARE","Criminal damage and arson","BT714LN"
"145360","2015-11",-5.876746,54.606841,"VIDOR GARDENS","Other theft","BT41QX"
"463104","2017-11",-6.278889,54.864986,"GEORGE STREET","Violence and sexual offences","BT623AS"
"160608","2015-12",-5.930154,54.597254,"DONEGALL SQUARE NORTH","Violence and sexual offences","BT15GB"
"255666","2016-08",-7.321003,55.005689,"FLETCHER AVENUE","Anti-social behaviour",NA
"49279","2015-04",-5.712009,54.324682,"ST PATRICK'S AVENUE","Violence and sexual offences",NA
"66319","2015-06",-5.622837,54.666977,"BALLYMACORMICK ROAD","Anti-social behaviour","BT251QR"
"356645","2017-04",-6.350221,54.892964,"TOBAR COURT","Anti-social behaviour","BT421AU"
"466651","2017-12",-6.328719,54.161307,"COLE COURT","Anti-social behaviour","BT342TD"
"262675","2016-08",-6.735247,54.645396,"WOODLAND DRIVE","Drugs","BT379SF"
"406322","2017-07",-7.311714,54.991408,"SPENCER ROAD","Drugs","BT476AQ"
"392306","2017-06",-6.381039,55.001184,"ANTICUR ROAD","Other theft","BT449DN"
"416047","2017-08",-6.604494,54.750939,"SPERRIN VIEW","Anti-social behaviour","BT829SS"
"305864","2016-11",-5.984681,54.576988,"BENRAW GREEN","Violence and sexual offences","BT118QL"
"435692","2017-09",-6.280142,54.860071,"RAILWAY STREET","Vehicle crime","BT235HQ"
"289911","2016-10",-5.951001,54.558668,"MALONE MEADOWS","Criminal damage and arson","BT95BG"
"256771","2016-08",-7.317407,54.376855,"BALLYLURGAN","Anti-social behaviour","BT750PR"
"288059","2016-10",-5.906886,54.209892,"TULLYBRANNIGAN BRAE","Burglary","BT330DG"
"430955","2017-09",-5.651913,54.651514,"DELLMOUNT ROAD","Anti-social behaviour","BT204TY"
"373374","2017-05",-6.659194,55.134889,"WINDSOR AVENUE","Anti-social behaviour","BT234QG"
"105364","2015-08",-5.802455,54.85133,"PORTLAND ROAD","Violence and sexual offences","BT401DH"
"359746","2017-04",-6.25778,55.198041,"BROOMBEG","Anti-social behaviour","BT546EW"
"343024","2017-02",-6.507942,54.507166,"LOUGH LANE","Other crime",NA
"328446","2017-01",-5.899064,54.590959,"KINGSCOURT CLOSE","Vehicle crime","BT69AP"
"234737","2016-06",-6.753721,54.49262,"BALLYNORTHLAND PARK","Other theft","BT716DY"
"375355","2017-05",-6.687115,55.170353,"AGHERTON ROAD","Anti-social behaviour","BT557PJ"
"301241","2016-11",-6.721884,54.530649,"GORTIN PARK","Criminal damage and arson","BT440EQ"
"323940","2017-01",-6.653734,54.357647,"ALEXANDER ROAD","Anti-social behaviour","BT490BW"
"389389","2017-06",-7.318785,54.992697,"JOHN STREET","Anti-social behaviour","BT781DW"
"65005","2015-06",-5.940447,54.641016,"DOWNVIEW PARK WEST","Anti-social behaviour","BT155HZ"
"386898","2017-06",-6.256174,54.102073,"CHARLOTTE STREET","Anti-social behaviour","BT536AZ"
"108852","2015-09",-6.451167,54.419546,"FITZROY STREET","Anti-social behaviour","BT623HF"
"461697","2017-11",-6.058467,54.513998,"HILLSIDE GARDENS","Shoplifting","BT196SJ"
"101093","2015-08",-7.463449,54.826979,"CASTLE STREET","Criminal damage and arson","BT210DN"
"398016","2017-07",-7.460293,54.818584,"BALLYCOLMAN ESTATE","Anti-social behaviour","BT829EH"
"434004","2017-09",-6.034019,54.508904,"SLOAN STREET","Other theft","BT275AG"
"256091","2016-08",-7.321578,54.497097,"DUNCAN PARK","Anti-social behaviour","BT782BA"
"347093","2017-03",-6.67205,55.131625,"QUEEN STREET","Anti-social behaviour","BT487EF"
"24011","2015-03",-6.554521,54.948355,"LISNAGROT ROAD","Anti-social behaviour","BT515SE"
"57893","2015-05",-5.709546,54.753003,"CHESTER AVENUE","Criminal damage and arson","BT389QQ"
"339464","2017-02",-7.471799,54.784509,"MELMOUNT ROAD","Robbery","BT829PY"
"372670","2017-05",-6.808974,54.529651,"BREWERY COURT","Anti-social behaviour","BT703PN"
"303078","2016-11",-5.923999,54.598389,"VICTORIA SQUARE","Other theft","BT14QG"
"312798","2016-12",-6.215174,54.732904,"GLENCRAIG MANOR","Criminal damage and arson","BT412LE"
"339625","2017-02",-7.643682,54.347653,"QUEEN STREET","Shoplifting","BT487EF"
"357392","2017-04",-6.699716,54.540403,"WASHINGBAY ROAD","Anti-social behaviour","BT714PU"
"374261","2017-05",-7.329923,55.030252,"GALLIAGH PARK","Anti-social behaviour","BT488DD"
"116323","2015-09",-5.957205,54.611425,"LEOPOLD STREET","Drugs","BT133HB"
"457416","2017-11",-5.878679,54.383439,"DRUMANESS ROAD","Burglary","BT248LT"
"164145","2016-01",-5.956098,54.600463,"WATERVILLE STREET","Anti-social behaviour","BT132RW"
"191011","2016-03",-5.946015,54.564361,"DERAMORE PARK SOUTH","Anti-social behaviour","BT95JY"
"231490","2016-06",-5.927414,54.595132,"ALFRED STREET","Anti-social behaviour","BT28ED"
"16738","2015-02",-5.945781,54.589605,"PRINCE ANDREW PARK","Criminal damage and arson","BT125PW"
"427363","2017-09",-6.048663,54.512645,"ANTRIM STREET","Anti-social behaviour","BT281AU"
"27424","2015-03",-5.957842,54.574606,"MOONSTONE STREET","Anti-social behaviour","BT97HL"
"472511","2017-12",-5.995493,54.572891,"FINAGHY ROAD NORTH","Other theft","BT100JA"
"434518","2017-09",-6.352811,54.481801,"TURMOYRA COURT","Other theft","BT666SD"
"55640","2015-05",-5.931754,54.598036,"FOUNTAIN STREET","Anti-social behaviour","BT828JF"
"392706","2017-06",-6.031326,54.558124,"WOODSIDE VIEW","Other theft","BT170SU"
"296253","2016-10",-6.555612,54.773294,"CASTLE ROAD","Other crime","BT414NG"
"27483","2015-03",-5.695657,54.661942,"WESTBURN CRESCENT","Anti-social behaviour","BT203RN"
"227642","2016-06",-5.941791,54.589878,"FELT STREET","Anti-social behaviour","BT125NU"
"419836","2017-08",-5.95757,54.608781,"GHENT PLACE","Criminal damage and arson","BT133JW"
"54925","2015-05",-6.343785,54.457751,"CARRICKVALE AVENUE","Anti-social behaviour","BT668NW"
"424281","2017-08",-5.978981,54.625555,"SPRINGVALE PARK","Violence and sexual offences","BT480NY"
"179506","2016-02",-6.606263,54.752352,"QUEENS AVENUE","Criminal damage and arson","BT536DF"
"393433","2017-06",-5.918301,54.66301,"RATHMORE DRIVE","Public order","BT379DP"
"31198","2015-03",-7.660046,54.655693,"AGHASCREBAGH ROAD","Other theft","BT798HJ"
"430319","2017-09",-5.872617,54.599356,"BELMONT CLOSE","Anti-social behaviour","BT43DQ"
"81183","2015-07",-6.163363,54.23564,"CROSS HEIGHTS","Anti-social behaviour","BT345QU"
"29592","2015-03",-5.930355,54.655175,"LONGLANDS ROAD","Criminal damage and arson","BT367LY"
"318057","2016-12",-5.934882,54.589437,"DONEGALL ROAD","Violence and sexual offences","BT126DY"
"20009","2015-02",-6.336355,54.465277,"WILLIAM STREET","Vehicle crime","BT210HL"
"440249","2017-10",-5.853968,54.595253,"HAWTHORNDEN ROAD","Anti-social behaviour","BT43JW"
"74494","2015-06",-5.94641,54.690175,"GLENKYLE PARK AVENUE","Public order","BT366SS"
"423685","2017-08",-5.83737,54.853035,"LORAN AVENUE","Violence and sexual offences","BT402DG"
"93107","2015-07",-6.459693,54.426753,"CHARLES PARK","Violence and sexual offences","BT624AH"
"349581","2017-03",-5.931179,54.593507,"BEDFORD STREET","Criminal damage and arson","BT27EN"
"137838","2015-11",-6.02078,54.567099,"HAZELWOOD AVENUE","Anti-social behaviour","BT170SZ"
"335684","2017-02",-6.007646,54.545032,"YEW TREE WALK","Anti-social behaviour","BT179PG"
"458815","2017-11",-5.674088,54.654216,"ABBEY PARK","Criminal damage and arson","BT489DS"
"161043","2015-12",-5.934622,54.595794,"HOWARD STREET","Violence and sexual offences","BT16PG"
"467581","2017-12",-6.698534,54.731637,"TIRGAN ROAD","Anti-social behaviour","BT457RZ"
"354965","2017-03",-6.666491,55.127647,"BERESFORD AVENUE","Violence and sexual offences","BT521HH"
"461374","2017-11",-6.438146,54.425694,"BRIDGE STREET","Shoplifting","BT440RP"
"142691","2015-11",-5.921768,54.63881,"SHORE CRESCENT","Criminal damage and arson","BT154JR"
"587","2015-01",-5.937639,54.584479,"ELMWOOD AVENUE","Anti-social behaviour","BT96AZ"
"245284","2016-07",-6.358083,54.953316,"STATION VIEW","Anti-social behaviour","BT449ES"
"378983","2017-05",-6.39574,54.450573,"AVONDALE MANOR","Other theft","BT641AE"
"459890","2017-11",-5.696024,54.650259,"CARRICKMANNIN GARDENS","Drugs","BT191SX"
"236434","2016-06",-6.281327,54.865182,"SMITHFIELD PLACE","Shoplifting","BT435HB"
"206851","2016-04",-5.740483,54.552725,"OLD FORGE COURT","Criminal damage and arson","BT235AQ"
"58117","2015-05",-5.951393,54.587543,"KITCHENER STREET","Criminal damage and arson","BT126LF"
"460431","2017-11",-5.925144,54.610853,"BENTINCK STREET","Other theft","BT151LZ"
"168778","2016-01",-5.900287,54.574708,"CAPPAGH GARDENS","Drugs","BT60ET"
"215703","2016-05",-5.985687,54.557534,"ORPEN DRIVE","Anti-social behaviour","BT100BT"
"440161","2017-10",-6.553256,54.949256,"CHURCH PLACE","Anti-social behaviour","BT666EY"
"202491","2016-04",-5.887414,54.596632,"RAVENSCROFT AVENUE","Anti-social behaviour","BT55BA"
"263605","2016-08",-5.911055,54.592164,"BALLARAT STREET","Other theft","BT68FX"
"316564","2016-12",NA,NA,"NO LOCATION","Vehicle crime",NA
"163537","2016-01",-7.278698,54.596313,"WINTERS GARDENS","Anti-social behaviour","BT790DZ"
"235823","2016-06",-7.339614,54.994392,"BLIGHS GARDENS","Possession of weapons","BT489PX"
"130460","2015-10",-6.041575,54.507499,"WATERSIDE","Criminal damage and arson","BT281YH"
"7815","2015-01",-5.648275,54.660834,"DONAGHADEE ROAD","Public order","BT204QY"
"267089","2016-08",-5.939027,54.62622,"KENBELLA PARADE","Violence and sexual offences","BT155DX"
"49560","2015-04",-5.915143,54.596349,"LAGANBANK ROAD","Violence and sexual offences","BT13LT"
"359116","2017-04",-6.271575,54.346677,"OLD KENLIS STREET","Anti-social behaviour","BT323BD"
"3962","2015-01",-5.886064,54.598495,"HOLYWOOD ROAD","Anti-social behaviour","BT42LR"
"473142","2017-12",-6.048572,54.503219,"HILLSBOROUGH ROAD","Other theft","BT88HR"
"6071","2015-01",-5.923238,54.585967,"ORMEAU ROAD","Criminal damage and arson","BT73HY"
"213387","2016-05",-6.030235,54.557019,"WOODSIDE VIEW","Anti-social behaviour","BT170SU"
"58586","2015-05",-6.190843,54.720432,"BROOKVALE","Drugs","BT537LU"
"244636","2016-07",-6.459475,54.423938,"BALTYLUM PARK","Anti-social behaviour","BT624BB"
"252453","2016-07",-5.889926,54.211501,"MAIN STREET","Violence and sexual offences","BT536AN"
"371619","2017-05",-5.915933,54.662322,"RATHCOOLE DRIVE","Anti-social behaviour","BT379AE"
"262436","2016-08",-5.952522,54.619297,"CLIFTON COURTYARD","Criminal damage and arson","BT146RS"
"392683","2017-06",-5.93154,54.604699,"DONEGALL STREET","Other theft","BT12GQ"
"216681","2016-05",-6.952247,55.0499,"CATHERINE STREET","Anti-social behaviour","BT499DA"
"128915","2015-10",-5.948555,54.580909,"LOWER WINDSOR AVENUE","Burglary","BT97DW"
"249286","2016-07",-5.88649,54.700995,"UPPER ROAD","Other theft","BT388RL"
"230058","2016-06",-5.968664,54.626254,"SILVERSTREAM DRIVE","Anti-social behaviour","BT203LW"
"246074","2016-07",-6.054105,54.502769,"ASHGROVE PARK","Burglary","BT146NE"
"11611","2015-02",-7.330226,55.005543,"PARK AVENUE","Anti-social behaviour","BT204JU"
"393698","2017-06",-7.319081,54.996435,"BANK PLACE","Shoplifting","BT486EA"
"191305","2016-03",-5.879175,54.585445,"HOUSTON GARDENS","Anti-social behaviour","BT56AU"
"289079","2016-10",-6.284854,54.342455,"THORNDALE","Criminal damage and arson","BT323XS"
"289754","2016-10",-7.326193,54.999053,"BREWSTERS CLOSE","Criminal damage and arson","BT486AH"
"419497","2017-08",-6.280058,54.863151,"KINHILT STREET","Criminal damage and arson","BT435BD"
"321655","2017-01",-5.738111,54.55481,"GRAFFAN GARDENS","Anti-social behaviour","BT235DA"
"355262","2017-03",-5.984601,54.565459,"ORCHARDVILLE CRESCENT","Violence and sexual offences","BT100JS"
"256978","2016-08",-5.852206,54.615205,"GLENLEA GROVE","Anti-social behaviour","BT42NU"
"430474","2017-09",-5.958083,54.586794,"GLENMACHAN STREET","Anti-social behaviour","BT126JB"
"220893","2016-05",-7.351293,54.993907,"CREGGAN HEIGHTS","Other theft","BT489QU"
"407375","2017-07",-6.077968,54.507481,"ROSEVALE MEADOWS","Other theft","BT281JF"
"146501","2015-11",-5.940182,54.602142,"GREENLAND STREET","Vehicle crime","BT132EN"
"9628","2015-01",-6.333434,54.465417,"NORTH STREET","Violence and sexual offences","BT546BN"
"229636","2016-06",-5.935396,54.589374,"DONEGALL ROAD","Anti-social behaviour","BT126DY"
"256680","2016-08",-5.979949,54.581348,"FALLS ROAD","Anti-social behaviour","BT119AB"
"236021","2016-06",-5.932781,54.587541,"BOTANIC AVENUE","Robbery","BT71JQ"
"308348","2016-12",-6.683277,55.119215,"GREENMOUNT PARK","Anti-social behaviour","BT513QL"
"143012","2015-11",-7.31585,54.600571,"STRULE PARK","Criminal damage and arson","BT785HN"
"286468","2016-10",-5.705079,54.31799,"STRUELL CRESCENT","Anti-social behaviour","BT306GT"
"288629","2016-10",-6.74753,54.497227,"COOLCUSH COURT","Criminal damage and arson","BT716BW"
"390676","2017-06",-7.308416,54.993312,"LOWER VIOLET STREET","Criminal damage and arson","BT472AR"
"134404","2015-10",-7.326206,54.989899,"IVY TERRACE","Violence and sexual offences","BT486TD"
"313666","2016-12",-6.941795,55.040395,"GLENVIEW DRIVE","Criminal damage and arson","BT490RZ"
"327809","2017-01",-7.32083,54.997442,"MAGAZINE STREET","Public order","BT486HH"
"207673","2016-04",-5.901556,54.59757,"HARVEY COURT","Other theft","BT54HA"
"222601","2016-05",-7.32179,54.998831,"SACKVILLE STREET","Shoplifting","BT487BQ"
"314188","2016-12",-6.331162,54.473489,"KILWILKE ROAD","Drugs","BT679EL"
"35434","2015-03",-5.774675,54.729084,"EDENVALE AVENUE","Violence and sexual offences","BT387NP"
"89133","2015-07",-6.666426,54.345246,"KILLYLEA ROAD","Shoplifting","BT604NJ"
"79549","2015-07",-5.938371,54.547015,"BALLYCAIRN DRIVE","Anti-social behaviour","BT88HG"
"163905","2016-01",-7.5933,54.708343,"MAIN STREET","Anti-social behaviour","BT536AN"
"434242","2017-09",-6.225262,54.713466,"LOUGH ROAD","Other theft","BT282PQ"
"408186","2017-07",-6.269438,54.349593,"BRIDGE STREET","Shoplifting","BT440RP"
"135794","2015-10",-5.535829,54.490103,"MILL HEIGHTS","Violence and sexual offences","BT222WA"
"179511","2016-02",-5.848846,54.259467,"DROMARA ROAD","Criminal damage and arson","BT266PE"
"325868","2017-01",-5.882383,54.598144,"LOMOND AVENUE","Criminal damage and arson","BT43AJ"
"120033","2015-09",-7.309837,54.602082,"BROOKMOUNT CRESCENT","Violence and sexual offences","BT785HG"
"121063","2015-09",-5.899545,54.400184,"DROMORE STREET","Violence and sexual offences","BT248AG"
"67900","2015-06",-5.836083,54.584116,"GEARY ROAD","Anti-social behaviour","BT57QS"
"440784","2017-10",-6.51431,55.066892,"SEYMOUR STREET","Anti-social behaviour","BT274SQ"
"201048","2016-04",-6.002199,54.573002,"CONOR RISE","Anti-social behaviour","BT119LP"
"381469","2017-05",-5.930154,54.597254,"DONEGALL SQUARE NORTH","Violence and sexual offences","BT15GB"
"204124","2016-04",-5.966019,54.612867,"TWADDELL AVENUE","Anti-social behaviour","BT133LG"
"287874","2016-10",-5.969662,54.587276,"CLONDARA PARADE","Burglary","BT126ES"
"428610","2017-09",-5.922286,54.604972,"CORPORATION SQUARE","Anti-social behaviour","BT13AJ"
"55814","2015-05",-5.958102,54.585779,"LECALE STREET","Anti-social behaviour","BT126JE"
"372046","2017-05",-5.931513,54.599137,"CASTLE STREET","Anti-social behaviour","BT210DN"
"87812","2015-07",-5.818716,54.852423,"EXCHANGE ROAD","Other theft","BT401RX"
"67416","2015-06",-5.922125,54.602355,"DONEGALL QUAY","Anti-social behaviour","BT13NJ"
"119342","2015-09",-5.702138,54.580612,"BRISTOL PARK","Violence and sexual offences","BT234RJ"
"424641","2017-08",-5.954425,54.599877,"CLONARD RISE","Violence and sexual offences","BT132SY"
"647","2015-01",-5.877882,54.604956,"STRANDBURN PARADE","Anti-social behaviour","BT41LZ"
"319394","2016-12",-6.700349,54.446535,"THE HOLLOWS","Violence and sexual offences","BT667FF"
"157036","2015-12",-5.668506,54.659688,"MARKET STREET","Other theft","BT538RG"
"44896","2015-04",-6.266506,54.352022,"CHURCH SQUARE","Drugs","BT345PT"
"469597","2017-12",-6.341752,54.176915,"MONAGHAN STREET","Anti-social behaviour","BT356AY"
"325828","2017-01",-5.923814,54.583165,"CURZON STREET","Criminal damage and arson","BT71QU"
"110013","2015-09",-7.274162,54.600786,"RIVERVIEW PARK","Anti-social behaviour","BT537QS"
"456255","2017-11",-6.320757,54.748024,"THE PARADE","Anti-social behaviour","BT413AA"
"255125","2016-08",-6.349781,54.184887,"FIRST AVENUE","Anti-social behaviour","BT356EZ"
"235212","2016-06",-8.08956,54.479565,"OLD STATION ROAD","Other theft","BT933EZ"
"8789","2015-01",-6.222034,54.806281,"MAYBIN PARK","Violence and sexual offences","BT423JR"
"247766","2016-07",-6.013559,54.751259,"CLARE HEIGHTS","Criminal damage and arson","BT148LG"
"158528","2015-12",-6.669696,55.131689,"NEW ROW","Shoplifting","BT521AE"
"331256","2017-01",-5.807505,54.59486,"UPPER NEWTOWNARDS ROAD","Other crime","BT43LQ"
"442353","2017-10",-6.599347,54.755156,"ASHGROVE PARK","Anti-social behaviour","BT146NE"
"152492","2015-12",-7.476167,54.821654,"LISNAFIN PARK","Anti-social behaviour","BT829DW"
"109286","2015-09",-7.627793,54.343024,"TEMPO ROAD","Anti-social behaviour","BT744RH"
"281694","2016-09",-5.94748,54.632402,"CAVEHILL ROAD","Other crime","BT155BE"
"227996","2016-06",-5.931624,54.598465,"FOUNTAIN STREET","Anti-social behaviour","BT828JF"
"366295","2017-04",-6.351386,54.189994,"LARCHMOUNT","Shoplifting",NA
"322291","2017-01",-5.670976,54.662027,"SOUTHWELL ROAD","Anti-social behaviour","BT203AQ"
"257683","2016-08",-5.841071,54.854296,"FAIRWAY","Anti-social behaviour","BT402BB"
"79084","2015-07",-6.453409,54.422198,"UNION STREET","Anti-social behaviour","BT521QA"
"474057","2017-12",-5.668506,54.659688,"MARKET STREET","Shoplifting","BT538RG"
"230009","2016-06",-6.037108,54.553618,"LAGMORE MEADOWS","Anti-social behaviour","BT170TJ"
"296844","2016-11",-6.549201,54.071956,"KEADY ROAD","Anti-social behaviour","BT603AG"
"309113","2016-12",-6.267193,54.34701,"RATHFRILAND STREET","Anti-social behaviour","BT323LA"
"41581","2015-04",-5.74154,54.674452,"THE FORT","Anti-social behaviour","BT191PU"
"286958","2016-10",-6.289944,54.930545,"ROCKSTOWN ROAD","Anti-social behaviour","BT799BX"
"420439","2017-08",-6.251683,54.806927,"WOODGREEN ROAD","Drugs","BT423DR"
"439635","2017-10",-6.688664,55.123172,"ASHBOURNE PARK","Anti-social behaviour","BT274NS"
"326509","2017-01",-6.074633,54.508794,"HERTFORD CRESCENT","Drugs","BT281SP"
"212193","2016-04",-6.677073,55.131913,"WATERSIDE STREET","Violence and sexual offences","BT513DP"
"137784","2015-11",-7.314723,55.013783,"FARREN PARK","Anti-social behaviour","BT487QH"
"245881","2016-07",-6.217623,54.713193,"RIVERSIDE","Bicycle theft","BT414BH"
"180513","2016-02",-6.086566,54.232612,"CASTLEWELLAN ROAD","Drugs","BT252LD"
"113528","2015-09",-5.865757,54.589675,"CLARA PARK","Burglary","BT56FD"
"28940","2015-03",-5.923023,54.58776,"COOKE MEWS","Criminal damage and arson","BT72EY"
"48888","2015-04",-5.931852,54.599458,"BANK STREET","Violence and sexual offences","BT11HL"
"126870","2015-10",-5.717713,54.328824,"ENGLISH STREET","Anti-social behaviour","BT306AB"
"298176","2016-11",-5.934622,54.595794,"HOWARD STREET","Anti-social behaviour","BT16PG"
"197594","2016-03",-6.717145,55.179395,"ENTERPRISE PARADE","Violence and sexual offences","BT557JZ"
"141293","2015-11",-6.74355,54.646911,"BREWERY LANE","Anti-social behaviour","BT808LL"
"44704","2015-04",-5.974881,54.591218,"WHITEROCK CRESCENT","Drugs","BT127PN"
"104093","2015-08",-6.34264,54.174627,"CORN MARKET","Shoplifting","BT358BG"
"267503","2016-08",-5.921874,54.611542,"WHITLA STREET","Violence and sexual offences","BT151JP"
"232895","2016-06",-5.712508,54.329804,"DRUMLEA VIEW","Criminal damage and arson","BT306SZ"
"200053","2016-03",-5.926012,54.587102,"ESSEX GROVE","Other crime","BT71GE"
"187236","2016-03",-5.885491,54.596104,"BEECHWOOD STREET","Anti-social behaviour","BT489JN"
"21696","2015-02",-5.668255,54.646484,"CLANMORRIS AVENUE","Violence and sexual offences","BT204EX"
"139310","2015-11",-6.300001,54.435149,"MAIN STREET","Anti-social behaviour","BT536AN"
"329079","2017-01",-7.634594,54.470538,"CASTLE STREET","Violence and sexual offences","BT210DN"
"99118","2015-08",-7.32083,54.997442,"MAGAZINE STREET","Bicycle theft","BT486HH"
"79077","2015-07",-7.319963,54.996961,"SHIPQUAY STREET","Anti-social behaviour","BT486DW"
"167466","2016-01",-7.637132,54.344103,"TOWNHALL STREET","Criminal damage and arson","BT784AX"
"52931","2015-05",-6.027232,54.570556,"COLINVALE","Anti-social behaviour","BT170JW"
"250229","2016-07",-5.93075,54.60014,"BERRY STREET","Shoplifting","BT11FJ"
"284102","2016-10",-6.031299,54.567019,"SPRINGBANK DRIVE","Anti-social behaviour","BT170QN"
"124664","2015-10",-5.70894,54.316006,"BALLYMOTE PARK","Anti-social behaviour","BT306RW"
"257940","2016-08",-6.22507,54.731702,"MEADOW LANDS","Anti-social behaviour","BT414EU"
"308890","2016-12",-7.326428,55.039108,"LOWER GALLIAGH ROAD","Anti-social behaviour","BT488LN"
"243412","2016-07",-6.087023,54.527149,"GLENAVY ROAD","Anti-social behaviour","BT294LA"
"312430","2016-12",-5.876439,54.599962,"DUNDELA STREET","Burglary","BT43BL"
"100057","2015-08",-5.895814,54.601487,"CONNSWATER GROVE","Criminal damage and arson","BT41TY"
"110944","2015-09",-6.018406,54.37682,"WOODVALE","Anti-social behaviour","BT319SF"
"281949","2016-10",-5.890707,54.210014,"CASTLE PLACE","Anti-social behaviour","BT307TP"
"16268","2015-02",-5.970873,54.59993,"ISADORE AVENUE","Criminal damage and arson","BT133QQ"
"155291","2015-12",-6.412021,54.35735,"EPWORTH CLOSE","Criminal damage and arson","BT622AL"
"252679","2016-07",-7.35564,55.019019,"AILEACH ROAD","Violence and sexual offences","BT480AZ"
"230062","2016-06",-5.946687,54.611256,"LIFFEY COURT","Anti-social behaviour","BT146JG"
"81989","2015-07",-7.425448,54.832788,"CURLYHILL ROAD","Anti-social behaviour","BT828LS"
"202926","2016-04",-5.904024,54.230068,"TOLLYMORE ROAD","Anti-social behaviour","BT330JL"
"106883","2015-08",-5.961838,54.588115,"RODNEY PARADE","Violence and sexual offences","BT126EE"
"13790","2015-02",-5.836919,54.861176,"BALLYCRAIGY RING","Anti-social behaviour","BT402EY"
"143963","2015-11",-6.274676,54.350127,"SCARVA WALK","Drugs","BT323AB"
"214855","2016-05",-6.015895,54.538743,"GLENWOOD MEWS","Anti-social behaviour","BT179DU"
"270851","2016-09",-7.286481,55.001198,"SEYMOUR GARDENS","Anti-social behaviour","BT476ND"
"114655","2015-09",-5.95497,54.575744,"LISBURN ROAD","Criminal damage and arson","BT294NX"
"237007","2016-06",-6.536446,54.706727,"ASHLEIGH PARK","Violence and sexual offences","BT388EF"
"330082","2017-01",-7.337123,55.024184,"TEMPLEMORE STREET","Violence and sexual offences","BT54SA"
"175956","2016-02",-5.928083,54.574037,"ANNADALE CRESCENT","Anti-social behaviour","BT73DJ"
"477192","2017-12",-7.335647,54.991514,"CELTIC COURT","Violence and sexual offences","BT489LG"
"216076","2016-05",-5.776486,54.592182,"OLD MILL GROVE","Anti-social behaviour","BT161WB"
"450673","2017-10",-6.686812,55.138055,"PRINCESS GARDENS","Violence and sexual offences","BT456DE"
"181619","2016-02",-5.894829,54.58128,"THE VILLAGE GREEN","Other theft","BT473WB"
"157510","2015-12",-5.930356,54.591435,"MARYVILLE STREET","Other theft","BT71AE"
"179209","2016-02",-6.361412,54.438406,"LARKFIELD MEADOWS","Criminal damage and arson","BT655JD"
"82609","2015-07",-6.032074,54.50535,"KENSINGTON PARK","Anti-social behaviour","BT635PQ"
"401364","2017-07",-6.665436,54.345909,"NURSERY MEWS","Anti-social behaviour","BT604DG"
"45200","2015-04",-6.657198,54.499357,"BALLYNAKILLY ROAD","Other theft","BT716JJ"
"184290","2016-02",-6.006047,54.569256,"SUFFOLK CRESCENT","Violence and sexual offences","BT119JT"
"161622","2015-12",-7.276112,55.019883,"GRANSHA PARK","Violence and sexual offences","BT118AU"
"471276","2017-12",-5.873113,54.608835,"INVERWOOD GARDENS","Criminal damage and arson","BT41RG"
"208460","2016-04",-6.340621,54.462766,"BEECH COURT","Possession of weapons","BT666AN"
"460515","2017-11",-5.955309,54.577313,"RATHDRUM STREET","Other theft","BT97GB"
"435133","2017-09",-7.277775,54.996969,"BRAMHALL CRESCENT","Shoplifting","BT475HE"
"349008","2017-03",-6.010325,54.064768,"SLIEVESHAN PARK","Criminal damage and arson","BT344DS"
"191159","2016-03",-5.897859,54.583112,"GIBSON PARK AVENUE","Anti-social behaviour","BT69GL"
"196435","2016-03",-5.91831,54.095783,"STEWARTS ROAD","Vehicle crime","BT344UE"
"467178","2017-12",-5.933314,54.588629,"BOTANIC AVENUE","Anti-social behaviour","BT71JQ"
"265602","2016-08",-7.324506,54.989719,"FOYLE ROAD","Violence and sexual offences","BT486AX"
"234815","2016-06",-5.899064,54.590959,"KINGSCOURT CLOSE","Other theft","BT69AP"
"402156","2017-07",-5.841077,54.58797,"KINGSWAY PARK","Anti-social behaviour","BT57EX"
"58723","2015-05",-6.336652,54.170789,"KILMOREY STREET","Other theft","BT342DH"
"434600","2017-09",-6.009808,54.533342,"NEVINS ROW","Other theft","BT275TF"
"44645","2015-04",-7.646874,54.335813,"OLD ROSSORRY PARK","Drugs","BT747LH"
"407877","2017-07",-6.33856,54.178201,"EDWARD STREET","Shoplifting","BT666DD"
"101057","2015-08",-5.962673,54.58317,"BOUCHER WAY","Criminal damage and arson","BT126RE"
"56876","2015-05",-5.665974,54.63005,"STONEBRIDGE GARDENS","Criminal damage and arson","BT237QX"
"16329","2015-02",-6.030188,54.514709,"BARLEY HILL","Criminal damage and arson","BT274YB"
"260068","2016-08",-5.940447,54.641016,"DOWNVIEW PARK WEST","Anti-social behaviour","BT155HZ"
"261655","2016-08",-6.025558,54.537365,"MOSSIDE ROAD","Criminal damage and arson","BT179HQ"
"390127","2017-06",-6.272986,54.867893,"BROUGHSHANE STREET","Burglary","BT436EE"
"155667","2015-12",-6.325896,54.473623,"ENNIS TARRY","Criminal damage and arson","BT679HR"
"303545","2016-11",-5.914643,54.569808,"ST. JOHNS AVENUE","Other theft",NA
"435720","2017-09",-7.326428,55.039108,"LOWER GALLIAGH ROAD","Vehicle crime","BT488LN"
"426853","2017-09",-6.050712,54.554242,"MOUNT EAGLES AVENUE","Anti-social behaviour","BT170GT"
"472007","2017-12",-5.918121,54.600758,"STATION STREET","Drugs","BT39DB"
"176051","2016-02",-6.000975,54.579361,"CLONELLY AVENUE","Anti-social behaviour","BT118LG"
"160672","2015-12",-6.944698,55.045406,"KEADY WAY","Violence and sexual offences","BT490AU"
"431651","2017-09",-6.274007,54.860775,"MOAT ROAD","Burglary","BT424AA"
"293828","2016-10",-7.263341,55.033407,"TEMPLE ROAD","Violence and sexual offences","BT515BH"
"438046","2017-09",-5.959095,54.670443,"FARMLEY PARK","Violence and sexual offences","BT367TT"
"190084","2016-03",-5.928906,54.587376,"CROMWELL ROAD","Anti-social behaviour","BT71NE"
"130069","2015-10",-6.713135,54.548003,"THE SHANOCH","Criminal damage and arson","BT714XA"
"128111","2015-10",-5.83828,54.851757,"HAMPTON CRESCENT","Anti-social behaviour","BT402BW"
"210429","2016-04",-5.9374,54.615213,"EIA STREET","Violence and sexual offences","BT146BT"
"87787","2015-07",-5.964329,54.611356,"WOODVALE DRIVE","Other theft","BT133LP"
"152338","2015-12",-6.048497,54.510639,"MARKET PLACE","Anti-social behaviour","BT387AW"
"158051","2015-12",-5.896688,54.574618,"KILBRONEY BEND","Other theft","BT60EX"
"286362","2016-10",-5.6603,54.639322,"RATHGILL WAY","Anti-social behaviour","BT197TL"
"124159","2015-10",-5.974808,54.555583,"GLENARM SQUARE","Anti-social behaviour","BT100FD"
"169470","2016-01",-6.214707,54.891613,"HOUSTON PARK","Other theft","BT424LB"
"98940","2015-08",-6.227047,54.733348,"MEADOW LANDS","Anti-social behaviour","BT414EU"
"301479","2016-11",-6.207037,54.722057,"SEACASH DRIVE","Criminal damage and arson","BT411AT"
"419221","2017-08",-7.297439,54.610338,"BELVOIR PARK","Criminal damage and arson","BT281TZ"
"135910","2015-10",-6.039086,54.554261,"GLENDOWAN PARK","Violence and sexual offences","BT170XQ"
"396757","2017-06",-6.948169,55.043118,"ROE MILL GARDENS","Violence and sexual offences","BT499AU"
"231001","2016-06",-7.329352,54.999843,"INFIRMARY ROAD","Anti-social behaviour","BT487HG"
"386907","2017-06",-5.939137,54.610265,"VICINAGE PARK","Anti-social behaviour","BT146BA"
"51042","2015-05",-6.013084,54.568913,"WOODBOURNE COURT","Anti-social behaviour","BT119NZ"
"408018","2017-07",-5.930851,54.601812,"NORTH STREET","Shoplifting","BT546BN"
"101763","2015-08",-6.556201,55.127648,"MOUNTVIEW DRIVE","Drugs","BT536TF"
"335098","2017-02",-7.309093,54.611277,"GLENELLY GARDENS","Anti-social behaviour","BT797XG"
"423874","2017-08",-5.929306,54.600232,"ROSEMARY STREET","Violence and sexual offences","BT11QB"
"189328","2016-03",-5.931612,54.591385,"ASHBURNE PLACE","Anti-social behaviour","BT71SE"
"82877","2015-07",-5.919688,54.5764,"HAYPARK AVENUE","Anti-social behaviour","BT73FE"
"308989","2016-12",-6.306507,54.863829,"OLDPARK DRIVE","Anti-social behaviour","BT421BG"
"270052","2016-09",-5.539475,54.642991,"MOAT STREET","Anti-social behaviour","BT486SS"
"63895","2015-05",-5.892538,54.593595,"BLOOMFIELD PARADE","Violence and sexual offences","BT55AS"
"104394","2015-08",-5.930334,54.599189,"CASTLE STREET","Vehicle crime","BT210DN"
"456368","2017-11",-7.578601,54.202114,"MAIN STREET","Anti-social behaviour","BT536AN"
"104323","2015-08",-5.777078,54.62136,"BALLYMISCAW ROAD","Vehicle crime","BT189RW"
"59321","2015-05",-5.874591,54.60365,"EDGCUMBE GARDENS","Other theft","BT42EG"
"355113","2017-03",-6.658233,55.148559,"BALLYSALLY ROAD","Violence and sexual offences","BT522QA"
"312668","2016-12",-6.64072,54.483316,"CLONMORE ROAD","Burglary","BT716NB"
"224141","2016-05",-5.686923,54.65935,"GRANGE AVENUE","Violence and sexual offences","BT422DX"
"302210","2016-11",-6.704136,54.53744,"MOUNTCAIRN DRIVE","Criminal damage and arson","BT714RW"
"319249","2016-12",-6.057456,54.502436,"BEECHLAND DRIVE","Violence and sexual offences","BT281HR"
"280160","2016-09",-5.894279,54.589546,"QUINTON STREET","Violence and sexual offences","BT55GR"
"116957","2015-09",-6.268025,54.857177,"CHICHESTER PARK CENTRAL","Other theft","BT424BE"
"24498","2015-03",-7.309647,54.988046,"TOP OF THE HILL","Anti-social behaviour","BT472HA"
"114821","2015-09",-6.184741,54.70903,"THISTLEWOOD GARDENS","Criminal damage and arson","BT411QB"
"103248","2015-08",-7.284884,54.991729,"CHEADLE PARK","Other theft","BT475HU"
"143641","2015-11",-6.916196,54.930001,"RANNYGLASS","Criminal damage and arson",NA
"396229","2017-06",-6.763833,54.501186,"GORTMERRON AVENUE","Violence and sexual offences","BT717AJ"
"339874","2017-02",-5.92411,54.658815,"GLENMOUNT ROAD","Shoplifting","BT367QJ"
"333388","2017-02",-7.349242,54.988372,"HIGH PARK","Anti-social behaviour","BT489SW"
"251767","2016-07",-5.930334,54.599189,"CASTLE STREET","Violence and sexual offences","BT210DN"
"35404","2015-03",-6.637117,55.196043,"BALLYWILLIN CRESCENT","Violence and sexual offences","BT568GJ"
"455444","2017-11",-5.829886,54.851473,"KERNOX GARDENS","Anti-social behaviour","BT402JZ"
"442827","2017-10",-6.283153,54.864713,"HOPE STREET","Anti-social behaviour","BT435EE"
"345564","2017-03",-7.402586,54.342756,"TULLYREAGH ROAD","Anti-social behaviour","BT943DN"
"296471","2016-11",-5.95363,54.602775,"CROSSLAND COURT","Anti-social behaviour","BT132DT"
"218007","2016-05",-5.905679,54.547091,"BEECHILL ROAD","Anti-social behaviour","BT87PU"
"152180","2015-12",-6.029703,54.577344,"HAWTHORN GLEN","Anti-social behaviour","BT170NU"
"240675","2016-07",-6.345276,54.163064,"LORETTO PARK","Anti-social behaviour","BT358SA"
"359042","2017-04",-5.832143,54.586651,"GOVAN DRIVE","Anti-social behaviour","BT57FY"
"118674","2015-09",-6.013586,54.960383,"BALLYMENA ROAD","Vehicle crime","BT390QR"
"171954","2016-01",-6.377105,54.187379,"DERRYMORE ROAD","Violence and sexual offences","BT670BP"
"292219","2016-10",-6.948408,55.045932,"BENEVENAGH DRIVE","Shoplifting","BT490AJ"
"123268","2015-10",-6.212491,54.59171,"LYNNWOOD MEWS","Anti-social behaviour","BT294WX"
"280400","2016-09",-5.825352,54.640027,"CHURCH AVENUE","Violence and sexual offences","BT222SL"
"256900","2016-08",-5.993488,54.596362,"DERMOTT HILL WAY","Anti-social behaviour","BT127GJ"
"451423","2017-10",-6.389594,54.824172,"CROSSKEYS ROAD","Violence and sexual offences","BT422QX"
"145644","2015-11",-7.265468,55.033392,"ROSSMORE PLACE","Robbery","BT490WB"
"190337","2016-03",-5.668234,54.659557,"MARKET STREET","Anti-social behaviour","BT538RG"
"314788","2016-12",-6.663441,54.225335,"DUNDRUM ROAD","Other theft","BT330BG"
"274128","2016-09",-5.941826,54.252636,"BURREN GROVE","Burglary","BT319EE"
"268691","2016-09",-6.277867,54.860838,"PATRICK PLACE","Anti-social behaviour","BT422BA"
"167233","2016-01",-5.931179,54.593507,"BEDFORD STREET","Burglary","BT27EN"
"466885","2017-12",-5.982354,54.561486,"TORR WAY","Anti-social behaviour","BT100DL"
"54649","2015-05",-6.457921,54.421842,"WESTLAND MEWS","Anti-social behaviour","BT489EQ"
"394577","2017-06",-6.036656,54.559154,"GLENBAWN PARK","Violence and sexual offences","BT170TS"
"338045","2017-02",-5.95896,54.598319,"SPRINGFIELD ROAD","Drugs","BT205BZ"
"252664","2016-07",-5.95115,54.700139,"CARNTALL ROAD","Violence and sexual offences","BT399NS"
"466191","2017-12",-6.012854,54.568254,"WOODBOURNE CRESCENT","Anti-social behaviour","BT119PH"
"95814","2015-08",-5.700563,54.599793,"CEDAR DRIVE","Anti-social behaviour","BT234HD"
"458352","2017-11",-6.147872,54.415508,"CROSS LANE","Criminal damage and arson","BT282TH"
"118789","2015-09",-5.955123,54.597993,"O'NEILL STREET","Vehicle crime","BT132QX"
"469914","2017-12",-5.670535,54.65944,"DUFFERIN AVENUE","Bicycle theft","BT203AD"
"57649","2015-05",-6.041575,54.507499,"WATERSIDE","Criminal damage and arson","BT281YH"
"350648","2017-03",-6.05206,54.510391,"GOVERNORS RD ROUNDABOUT","Drugs",NA
"259201","2016-08",-6.27238,54.864219,"DEMESNE AVENUE","Anti-social behaviour","BT204UL"
"385482","2017-06",-6.452906,54.444123,"DERRYANVIL ROAD","Anti-social behaviour","BT621PF"
"249177","2016-07",-6.753721,54.49262,"BALLYNORTHLAND PARK","Other theft","BT716DY"
"443075","2017-10",-5.950506,54.614438,"GRACEHILL COURT","Anti-social behaviour","BT147RG"
"250837","2016-07",-6.25777,54.108116,"ARDFIELD CRESCENT","Vehicle crime","BT343TY"
"63432","2015-05",-7.465187,54.823816,"BRIDGE STREET","Violence and sexual offences","BT440RP"
"271888","2016-09",-5.932781,54.587541,"BOTANIC AVENUE","Anti-social behaviour","BT71JQ"
"372583","2017-05",-5.961172,54.597727,"SPRINGFIELD AVENUE","Anti-social behaviour","BT343NN"
"82375","2015-07",-5.962319,54.595212,"BEECHMOUNT PASS","Anti-social behaviour","BT127NW"
"80303","2015-07",-5.673962,54.660764,"CENTRAL AVENUE","Anti-social behaviour","BT557BP"
"167517","2016-01",NA,NA,"NO LOCATION","Criminal damage and arson",NA
"363329","2017-04",-7.650319,54.346595,"WINDMILL HEIGHTS","Criminal damage and arson","BT716DU"
"106174","2015-08",-5.931172,54.652206,"GARTON WAY","Violence and sexual offences","BT367JF"
"190677","2016-03",-5.982926,54.619691,"FORTHRIVER ROAD","Anti-social behaviour","BT133US"
"339207","2017-02",-5.690475,54.660118,"MARYVILLE ROAD","Other theft","BT203RH"
"408657","2017-07",-6.015128,54.556781,"FOREST PARK","Violence and sexual offences","BT521JJ"
"288842","2016-10",-6.699716,54.540403,"WASHINGBAY ROAD","Criminal damage and arson","BT714PU"
"56459","2015-05",-5.959062,54.629992,"SUNNINGDALE GARDENS","Burglary","BT146SF"
"159734","2015-12",-5.816573,54.636185,"ARDMORE HEIGHTS","Violence and sexual offences","BT180PY"
"63791","2015-05",-6.638605,55.199357,"SUNNYVALE AVENUE","Violence and sexual offences","BT568JH"
"263967","2016-08",-6.615059,54.327103,"DERRYRAINE ROAD","Other theft","BT601NZ"
"407074","2017-07",-5.99199,54.583103,"AITNAMONA CRESCENT","Other theft","BT118PN"
"156457","2015-12",-5.936878,54.611152,"KINNAIRD TERRACE","Drugs","BT146BN"
"378734","2017-05",-5.947939,54.587916,"THALIA STREET","Other theft","BT125PT"
"280803","2016-09",-6.27836,54.874106,"RICHMOND PARK","Violence and sexual offences","BT436JT"
"232716","2016-06",-6.277477,54.877292,"CAMBERWELL WAY","Criminal damage and arson","BT436LF"
"353181","2017-03",-6.454309,54.42203,"UNION STREET","Violence and sexual offences","BT521QA"
"19320","2015-02",-5.923999,54.598389,"VICTORIA SQUARE","Public order","BT14QG"
"383753","2017-05",-6.272986,54.867893,"BROUGHSHANE STREET","Violence and sexual offences","BT436EE"
"83873","2015-07",-7.32022,54.994681,"FERRYQUAY GATE","Anti-social behaviour","BT486JF"
"265388","2016-08",-5.89747,54.401603,"HIGH STREET","Violence and sexual offences","BT189SS"
"265665","2016-08",-6.940825,55.039228,"GLENGIVEN AVENUE","Violence and sexual offences","BT490RW"
"472616","2017-12",-5.954533,54.578297,"ADELAIDE AVENUE","Other theft","BT97FY"
"103285","2015-08",-5.908704,54.573443,"KNOCK EDEN DRIVE","Other theft","BT60GG"
"288695","2016-10",-5.920489,54.587699,"SHAFTESBURY AVENUE","Criminal damage and arson","BT72ES"
"380301","2017-05",-5.928221,54.608794,"EARL CLOSE","Shoplifting","BT151DF"
"422524","2017-08",-6.45251,54.083519,"SLIEVE GULLION PARK","Vehicle crime","BT359SU"
"267322","2016-08",-5.89305,54.599255,"CAREW STREET","Violence and sexual offences","BT41HQ"
"342477","2017-02",-6.338801,54.385456,"PARKSTOWN LANE","Violence and sexual offences","BT636AR"
"10826","2015-01",-5.823636,54.592995,"ARDCARN PARK","Violence and sexual offences","BT57RQ"
"304142","2016-11",-6.272573,54.860808,"EDWARD STREET","Shoplifting","BT666DD"
"475353","2017-12",-6.18738,54.504616,"GLEN VIEW","Violence and sexual offences","BT341RW"
"8290","2015-01",-5.925144,54.610853,"BENTINCK STREET","Shoplifting","BT151LZ"
"298047","2016-11",-5.926379,54.595707,"LITTLE MAY STREET","Anti-social behaviour","BT28LD"
"259370","2016-08",-5.955366,54.59594,"SPRINGFIELD ROAD","Anti-social behaviour","BT205BZ"
"400135","2017-07",-5.664268,54.409923,"AVA DRIVE","Anti-social behaviour","BT309SJ"
"224865","2016-05",-6.0357,54.516335,"LLEWELLYN AVENUE","Violence and sexual offences","BT274AG"
"374942","2017-05",-5.702351,54.595523,"WEST STREET","Anti-social behaviour","BT389HR"
"276209","2016-09",-5.977734,54.663783,"UPPER HOLLYBROOK HEIGHTS","Drugs","BT367XT"
"451041","2017-10",-5.933133,54.605023,"CARRICK HILL","Violence and sexual offences","BT12JH"
"319734","2016-12",-7.310643,54.995525,"BONDS HILL","Other crime","BT476DW"
"150848","2015-12",-5.682453,54.65292,"AVA STREET","Anti-social behaviour","BT73BS"
"345776","2017-03",-5.634468,54.66291,"ALANWOOD PARK","Anti-social behaviour","BT205PT"
"212794","2016-05",-6.605455,54.748731,"LECKAGH DRIVE","Anti-social behaviour","BT456JT"
"248036","2016-07",-5.969894,54.615879,"SOMERDALE PARK","Criminal damage and arson","BT147HD"
"2443","2015-01",-6.277789,54.867782,"DUKE STREET","Anti-social behaviour","BT436BL"
"171102","2016-01",-7.455293,54.517034,"MEADOWCROFT","Vehicle crime","BT783JA"
"165901","2016-01",-6.521544,55.058761,"BANNVIEW PARK","Anti-social behaviour","BT537LL"
"312790","2016-12",-5.955343,54.588976,"ROCKLAND STREET","Criminal damage and arson","BT126HB"
"72124","2015-06",-5.983319,54.617694,"GLENCAIRN WAY","Criminal damage and arson","BT133TE"
"62799","2015-05",-5.99355,54.556713,"THE HAWTHORNS","Violence and sexual offences","BT521SL"
"182646","2016-02",-7.313431,54.596281,"ARDMORE CRESCENT","Shoplifting","BT624DU"
"394189","2017-06",-5.985395,54.57789,"BENRAW ROAD","Vehicle crime","BT118GQ"
"204742","2016-04",-7.309593,54.985746,"VIRGINIA COURT","Burglary","BT472DX"
"337101","2017-02",-6.064419,54.528532,"ASCOT CRESCENT","Criminal damage and arson","BT283DA"
"257144","2016-08",-6.007763,54.576247,"CORRIB AVENUE","Anti-social behaviour","BT119JB"
"68176","2015-06",-6.24884,54.098696,"SEAVIEW","Anti-social behaviour","BT307PT"
"260847","2016-08",-5.936264,54.591186,"CHARLES STREET SOUTH","Criminal damage and arson","BT125GB"
"110025","2015-09",-6.366177,54.453834,"PINEBANK","Anti-social behaviour","BT655BZ"
"118281","2015-09",-6.655962,55.126993,"LODGE PARK","Shoplifting","BT521UN"
"99291","2015-08",-5.983993,54.616286,"GLENCAIRN WAY","Burglary","BT133TE"
"107172","2015-08",NA,NA,"NO LOCATION","Violence and sexual offences",NA
"384031","2017-05",-6.028435,54.523845,"GLENMORE COURT","Other crime","BT274BE"
"406510","2017-07",-6.251356,54.103575,"JEMESONS COURT","Other theft","BT343TE"
"293586","2016-10",-6.657806,55.14727,"KENBANE AVENUE","Violence and sexual offences","BT522QN"
"184131","2016-02",-6.344243,54.185476,"ARMAGH ROAD","Violence and sexual offences","BT350EZ"
"50681","2015-04",-7.383899,54.716308,"MOURNE WALK","Other crime","BT784BQ"
"207501","2016-04",-5.924849,54.597496,"SEYMOUR STREET","Other theft","BT274SQ"
"194504","2016-03",-5.931179,54.593507,"BEDFORD STREET","Other theft","BT27EN"
"240772","2016-07",-6.754772,54.630991,"OLD RECTORY PARK","Anti-social behaviour","BT809XR"
"204377","2016-04",-6.412067,54.430664,"OLD LURGAN ROAD","Anti-social behaviour","BT635SQ"
"176634","2016-02",-6.441213,54.422032,"SANDY ROW","Anti-social behaviour","BT125EY"
"58210","2015-05",-5.915863,54.59195,"RAVENHILL REACH COURT","Criminal damage and arson","BT68RD"
"194000","2016-03",-6.046705,54.511284,"BOW STREET","Drugs","BT281BN"
"29772","2015-03",-5.889632,54.59234,"HYNDFORD STREET","Criminal damage and arson","BT55JF"
"445781","2017-10",-6.744188,54.64884,"COAGH CRESCENT","Criminal damage and arson","BT808NH"
"342411","2017-02",-6.342091,54.461124,"SLOANHILL MEWS","Violence and sexual offences","BT668NP"
"179058","2016-02",-6.526759,54.100839,"DALY CRESCENT","Burglary","BT480JF"
"339188","2017-02",-5.951449,54.580868,"WINDSOR DRIVE","Other theft","BT97FH"
"84647","2015-07",-5.940177,54.685846,"SHARONMORE PARADE","Burglary","BT366PR"
"161267","2015-12",-5.914349,54.573433,"BELL TOWER","Violence and sexual offences",NA
"380837","2017-05",-6.34471,54.457746,"CARRICKVALE AVENUE","Violence and sexual offences","BT668NW"
"388118","2017-06",-5.911496,54.550004,"BEECHILL COURT","Anti-social behaviour","BT87PN"
"149560","2015-11",-6.557941,54.955286,"CLARAGH HILL CRESCENT","Other crime","BT515YU"
"147597","2015-11",-6.25505,54.864097,"SKYE PARK","Violence and sexual offences","BT424EB"
"196788","2016-03",-7.609154,54.353089,"LACKABOY VIEW","Violence and sexual offences","BT744DY"
"334028","2017-02",-6.002211,54.752689,"DOAGH ROAD","Anti-social behaviour","BT423PR"
"287846","2016-10",-6.326671,54.754503,"HOLLYBANK","Burglary","BT920GE"
"247402","2016-07",-6.328719,54.161307,"COLE COURT","Criminal damage and arson","BT342TD"
"142494","2015-11",-5.665785,54.630918,"STONEBRIDGE AVENUE","Criminal damage and arson","BT237QT"
"199104","2016-03",-5.88962,54.212097,"DOWNS ROAD","Violence and sexual offences","BT330AG"
"7813","2015-01",-5.922809,54.646357,"GRAYMOUNT ROAD","Public order","BT367DR"
"32598","2015-03",-7.45948,54.378797,"MAIN STREET","Shoplifting","BT536AN"
"463015","2017-11",-7.265245,55.03446,"STRADOWEN DRIVE","Violence and sexual offences","BT476XN"
"113386","2015-09",-5.979429,54.595922,"SPRINGHILL GARDENS","Anti-social behaviour","BT127SF"
"455208","2017-11",-5.914401,54.662889,"ARDEEN GARDENS","Anti-social behaviour","BT379BD"
"466762","2017-12",-7.467733,54.828893,"RAILWAY STREET","Anti-social behaviour","BT235HQ"
"430257","2017-09",-5.833012,54.642806,"STEWART'S PLACE","Anti-social behaviour","BT189DX"
"271173","2016-09",-6.331698,54.179364,"TALBOT STREET","Anti-social behaviour","BT234EQ"
"81465","2015-07",-5.669034,54.659932,"MARKET STREET","Anti-social behaviour","BT538RG"
"344283","2017-03",-6.596863,54.753771,"SANDY BRAES","Anti-social behaviour","BT456PN"
"72177","2015-06",-7.600259,54.710585,"MILLBROOK GARDENS","Criminal damage and arson","BT817DF"
"256372","2016-08",-5.936137,54.625497,"SKEGONEILL AVENUE","Anti-social behaviour","BT153JP"
"23870","2015-03",-5.830067,54.585248,"LEVEN DRIVE","Anti-social behaviour","BT57ED"
"298332","2016-11",-5.820399,54.846334,"BANK ROAD","Anti-social behaviour","BT403AJ"
"112578","2015-09",-6.65847,55.147565,"KENBANE AVENUE","Anti-social behaviour","BT522QN"
"125889","2015-10",-6.212796,54.594293,"GLEN RIVER PARK","Anti-social behaviour","BT294FX"
"294151","2016-10",-5.978141,54.580374,"BLACKSTAFF ROAD","Violence and sexual offences",NA
"386549","2017-06",-6.278184,54.364795,"BODELL PLACE","Anti-social behaviour","BT324ND"
"268248","2016-08",-5.955934,54.575958,"MARLBOROUGH COURT","Violence and sexual offences","BT97EF"
"254314","2016-08",-5.884379,54.600254,"CONNSBROOK AVENUE","Anti-social behaviour","BT41JZ"
"453168","2017-11",-6.264752,54.353488,"HILL STREET","Anti-social behaviour","BT12LB"
"454239","2017-11",-6.750104,54.645865,"PARKMOUNT","Anti-social behaviour","BT808AY"
"430610","2017-09",-6.661196,55.13642,"THE CRESCENT","Anti-social behaviour","BT522DS"
"147887","2015-11",-5.694521,54.660923,"WESTBURN CRESCENT","Violence and sexual offences","BT203RN"
"64402","2015-05",-5.972718,54.625388,"SILVERSTREAM AVENUE","Other crime","BT148GP"
"54033","2015-05",-5.951359,54.607004,"SILVIO STREET","Anti-social behaviour","BT131RJ"
"106158","2015-08",-5.935601,54.615901,"NEWINGTON AVENUE","Violence and sexual offences","BT401NN"
"279688","2016-09",-5.938026,54.615691,"ALLWORTHY AVENUE","Violence and sexual offences","BT146BU"
"81003","2015-07",-5.96872,54.588168,"ST. JAMES'S PARADE","Anti-social behaviour",NA
"232395","2016-06",-5.922913,54.648264,"WHITEWELL ROAD","Burglary","BT367RY"
"78099","2015-06",-5.92577,54.600378,"CHURCH LANE","Violence and sexual offences","BT623PW"
"276753","2016-09",-6.75245,54.648189,"BURN ROAD","Other theft","BT808DN"
"296118","2016-10",-6.29926,54.311608,"NEWRY ROAD","Other crime","BT323NB"
"443856","2017-10",-6.119793,54.484671,"STABLE LANE","Anti-social behaviour","BT514HD"
"469647","2017-12",-6.404496,54.190171,"CAMBROOK ESTATE","Anti-social behaviour","BT357ER"
"295337","2016-10",-5.81171,54.720594,"SUNNYLANDS GROVE","Violence and sexual offences","BT388JH"
"199048","2016-03",-5.543799,54.382119,"LAURELBANK PARK","Violence and sexual offences","BT221NW"
"249614","2016-07",-5.938546,54.580622,"MALONE ROAD","Other theft","BT96SP"
"350340","2017-03",-5.9179,54.607511,"PRINCES DOCK STREET","Criminal damage and arson",NA
"176319","2016-02",-6.344831,54.887203,"SPENCE CRESCENT","Anti-social behaviour","BT421BR"
"84532","2015-07",-5.942775,54.585088,"DUNLUCE AVENUE","Bicycle theft","BT568PY"
"351556","2017-03",-5.931705,54.608476,"CARLISLE ROAD","Other theft","BT486JW"
"341865","2017-02",-6.269107,54.865736,"GLENRAVEL FOLD","Violence and sexual offences","BT437AQ"
"389680","2017-06",-6.334837,54.187754,"BELFAST ROAD","Anti-social behaviour","BT203GS"
"95135","2015-08",-6.225633,54.549577,"HILLHEAD ROAD","Anti-social behaviour","BT399LN"
"115738","2015-09",-5.932455,54.594903,"CLARENCE STREET WEST","Criminal damage and arson","BT27GP"
"178953","2016-02",-6.35782,54.178806,"ARDCARN PARK","Burglary","BT57RQ"
"112911","2015-09",-5.923646,54.584348,"FITZWILLIAM SQUARE","Anti-social behaviour","BT71JH"
"238840","2016-06",-6.92444,55.148586,"SEACOAST ROAD","Violence and sexual offences","BT490LW"
"279549","2016-09",-6.263904,55.200958,"LEYLAND COURT","Violence and sexual offences","BT546DW"
"228403","2016-06",-5.708519,54.581317,"CATALINA GARDENS","Anti-social behaviour","BT234RT"
"371266","2017-05",-7.333559,55.005264,"NASSAU CRESCENT","Anti-social behaviour","BT480EZ"
"198773","2016-03",-5.934828,54.628099,"FORTWILLIAM PARK","Violence and sexual offences","BT154AN"
"171859","2016-01",-6.346725,54.455968,"TAGHNEVAN DRIVE","Violence and sexual offences","BT668SY"
"330609","2017-01",-5.913227,54.603864,"QUEENS ROAD","Violence and sexual offences","BT39DT"
"174097","2016-01",-6.705897,55.172413,"AGHERTON DRIVE","Violence and sexual offences","BT557JQ"
"331305","2017-01",-5.959108,54.588572,"DONEGALL ROAD","Other crime","BT126DY"
"324425","2017-01",-5.931799,54.57853,"SANDHURST DRIVE","Burglary","BT95AY"
"148272","2015-11",-7.256898,55.024933,"LISDALE PARK","Violence and sexual offences","BT476HE"
"213595","2016-05",-5.932696,54.689007,"BALLYFORE PARK","Anti-social behaviour","BT366XU"
"150691","2015-12",-5.931464,54.653172,"GARTON WAY","Anti-social behaviour","BT367JF"
"202968","2016-04",-5.771276,54.558104,"COACH ROAD","Anti-social behaviour","BT221PP"
"354505","2017-03",-6.351724,54.194581,"SANDY HILL","Violence and sexual offences","BT356BJ"
"453109","2017-10",NA,NA,"NO LOCATION","Other crime",NA
"294559","2016-10",-5.932413,54.614643,"ILCHESTER STREET","Violence and sexual offences","BT152LB"
"443058","2017-10",-7.62742,54.477487,"THE MEADOWS","Anti-social behaviour","BT437NG"
"45313","2015-04",-5.822487,54.710958,"RHANBUOY PARK","Other theft","BT180DX"
"434113","2017-09",-6.750354,54.632688,"OLD RECTORY GLEN","Other theft","BT809XX"
"428045","2017-09",-6.516487,55.071923,"CHARLES STREET","Anti-social behaviour","BT666HQ"
"232345","2016-06",-6.932056,55.041361,"MEADOWVALE PARK","Burglary","BT490SL"
"394866","2017-06",-5.895035,54.675312,"WALL STREET","Violence and sexual offences","BT131BE"
"16912","2015-02",-6.216693,54.72272,"AJAX COURT","Criminal damage and arson","BT414HH"
"202318","2016-04",-5.915799,54.621959,"DUNCRUE STREET","Anti-social behaviour","BT39AR"
"465661","2017-12",-6.417082,54.424899,"ABERCORN PARK","Anti-social behaviour","BT635JW"
"400555","2017-07",-5.856179,54.618249,"KNOCKNAGONEY PARK","Anti-social behaviour","BT42PT"
"370548","2017-05",-5.922422,54.64786,"WHITEWELL CRESCENT","Anti-social behaviour","BT367HJ"
"89466","2015-07",-5.912618,54.680118,"KINGS CRESCENT","Shoplifting","BT370DH"
"131826","2015-10",-5.892235,54.220643,"BALLAGHBEG PARK","Other theft","BT330BU"
"425416","2017-08",-6.006832,54.063066,"HARBOUR ROAD","Violence and sexual offences","BT344AU"
"96790","2015-08",-5.938064,54.626878,"ANTRIM ROAD","Anti-social behaviour","BT390AH"
"6402","2015-01",-5.874324,54.609665,"INVERNOOK PARK","Drugs","BT41RL"
"147915","2015-11",-7.626699,54.358535,"DRUMBAWN","Violence and sexual offences","BT746NX"
"265003","2016-08",-6.029587,54.558923,"WOODSIDE VIEW","Vehicle crime","BT170SU"
"458777","2017-11",-6.007763,54.576247,"CORRIB AVENUE","Criminal damage and arson","BT119JB"
"330306","2017-01",-5.930334,54.599189,"CASTLE STREET","Violence and sexual offences","BT210DN"
"223251","2016-05",-5.957168,54.617112,"JAMAICA ROAD","Violence and sexual offences","BT147QW"
"210842","2016-04",-5.719564,54.325094,"MARKET STREET","Violence and sexual offences","BT538RG"
"207070","2016-04",-6.276755,54.863527,"BRIDGE STREET","Drugs","BT440RP"
"469689","2017-12",-5.847335,54.259009,"CARRIGARD","Anti-social behaviour","BT330SG"
"253762","2016-07",-5.933133,54.605023,"CARRICK HILL","Violence and sexual offences","BT12JH"
"441017","2017-10",-6.375211,54.290642,"CHURCH STREET","Anti-social behaviour","BT536DL"
"332781","2017-02",-6.021915,54.550702,"THORNHILL COURT","Anti-social behaviour","BT170RA"
"56512","2015-05",-5.949653,54.583686,"TATES AVENUE","Burglary","BT97BS"
"253005","2016-07",-6.501362,55.066096,"DEHRA GARDENS","Violence and sexual offences","BT537AR"
"452732","2017-10",-5.981249,54.558494,"GEERAGH PLACE","Violence and sexual offences","BT100ER"
"95584","2015-08",-6.343179,54.171858,"CLEARY CRESCENT","Anti-social behaviour","BT358AQ"
"111221","2015-09",-7.628826,54.359673,"DRUMBEG","Anti-social behaviour","BT655AH"
"275909","2016-09",-5.931955,54.603844,"UNION STREET","Criminal damage and arson","BT521QA"
"371189","2017-05",-5.851591,54.608077,"OLD HOLYWOOD ROAD","Anti-social behaviour","BT189QH"
"387481","2017-06",-6.237854,54.761932,"CREEVERY ROAD","Anti-social behaviour","BT412JP"
"11234","2015-01",-5.910525,54.597393,"ANDERSON COURT","Other crime","BT54TZ"
"20083","2015-02",-6.70332,54.250379,"KINELOWEN STREET","Vehicle crime","BT603SU"
"275622","2016-09",-6.017875,54.554634,"ASPEN PARK","Criminal damage and arson","BT170JY"
"34782","2015-03",-5.897932,54.59731,"BRIGHT STREET","Violence and sexual offences","BT54JF"
"51805","2015-05",-6.492029,55.070778,"CARNANY AVENUE","Anti-social behaviour","BT537HP"
"219614","2016-05",-5.544579,54.384273,"BURN BRAE","Criminal damage and arson","BT221LZ"
"368932","2017-04",-6.215649,54.722103,"RENOWN COURT","Violence and sexual offences","BT414HT"
"166368","2016-01",-6.426602,54.434214,"SEAGOE PARK","Anti-social behaviour","BT635HR"
"383726","2017-05",-5.948683,54.594964,"RODEN STREET","Violence and sexual offences","BT125DL"
"301246","2016-11",-6.708529,55.173052,"AGHERTON DRIVE","Criminal damage and arson","BT557JQ"
"327215","2017-01",-6.744976,54.645884,"CENTRAL AVENUE","Other theft","BT557BP"
"317702","2016-12",-6.77083,54.504142,"IRISH STREET","Violence and sexual offences","BT309QS"
"457299","2017-11",-5.916634,54.567749,"ANNADALE AVENUE","Anti-social behaviour","BT73JH"
"256034","2016-08",-5.932543,54.587061,"BOTANIC AVENUE","Anti-social behaviour","BT71JQ"
"399544","2017-07",-6.668424,55.12845,"BERESFORD ROAD","Anti-social behaviour","BT521GE"
"461653","2017-11",-5.923546,54.551946,"CASTLEDILLON ROAD","Shoplifting","BT87BJ"
"416833","2017-08",-6.67205,55.131625,"QUEEN STREET","Anti-social behaviour","BT487EF"
"29989","2015-03",-5.93895,54.598042,"GALWAY STREET","Criminal damage and arson","BT124AF"
"329967","2017-01",-5.943524,54.588955,"COLCHESTER PARK","Violence and sexual offences","BT125PZ"
"221509","2016-05",-6.609992,54.512174,"DERRYLOUGHAN ROAD","Other theft","BT714QS"
"187011","2016-03",-6.025011,54.54741,"BROOM PARK","Anti-social behaviour","BT170DW"
"75211","2015-06",-5.927313,54.599865,"HIGH STREET","Theft from the person","BT189SS"
"310476","2016-12",-6.701101,55.170763,"AGHERMORE GARDENS","Anti-social behaviour","BT557QR"
"311556","2016-12",-6.7729,54.495835,"UPPER PARKLANDS","Anti-social behaviour","BT717JW"
"6219","2015-01",-7.324848,54.993575,"BISHOP STREET","Drugs","BT486UQ"
"57909","2015-05",-7.324142,54.596925,"GLENARD GARDENS","Criminal damage and arson","BT785BF"
"138125","2015-11",-5.917506,54.57612,"ORMEAU ROAD","Anti-social behaviour","BT73HY"
"192782","2016-03",-6.318243,54.748726,"THE PARADE","Criminal damage and arson","BT413AA"
"54325","2015-05",-5.805551,54.582578,"WANSTEAD GARDENS","Anti-social behaviour","BT162ET"
"115330","2015-09",-6.754636,54.500086,"PARKWOOD MANOR","Criminal damage and arson","BT716LR"
"118953","2015-09",-6.75853,54.513674,"DUNAVON HEIGHTS","Violence and sexual offences","BT716TN"
"375855","2017-05",-6.220897,54.482581,"ST. JOHNS PARK","Bicycle theft","BT350JQ"
"399653","2017-07",-6.31408,54.457466,"ASHLEIGH CRESCENT","Anti-social behaviour","BT667BX"
"92610","2015-07",-6.305711,54.863144,"THE KNOWE","Violence and sexual offences","BT421QS"
"324410","2017-01",-5.949997,54.582371,"EDINBURGH STREET","Burglary","BT97DT"
"443522","2017-10",-6.337984,54.459325,"HILL STREET","Anti-social behaviour","BT12LB"
"174332","2016-02",-5.987889,54.594427,"SPRINGFIELD ROAD","Anti-social behaviour","BT205BZ"
"63851","2015-05",-5.681848,54.640141,"LORD WARDEN'S GREEN","Violence and sexual offences","BT191YR"
"456306","2017-11",-6.001683,54.563002,"GARNOCK HILL","Anti-social behaviour","BT100AW"
"8893","2015-01",-5.909877,54.599754,"STRAND CLOSE","Violence and sexual offences","BT54TR"
"397185","2017-06",-7.638603,54.362182,"DERRYGORE ROAD","Violence and sexual offences","BT744FH"
"86989","2015-07",-7.330176,55.026319,"MOSS PARK","Criminal damage and arson","BT488JY"
"369875","2017-05",-5.934882,54.589437,"DONEGALL ROAD","Anti-social behaviour","BT126DY"
"81140","2015-07",-6.051193,54.555822,"MOUNT EAGLES AVENUE","Anti-social behaviour","BT170GT"
"438239","2017-09",-6.138517,54.386702,"DRUMAGHADONE ROAD","Violence and sexual offences","BT251PB"
"253210","2016-07",-5.942428,54.258415,"CLARMONT AVENUE","Violence and sexual offences","BT319BX"
"129037","2015-10",-6.753621,54.630171,"OLD RECTORY HEIGHTS","Burglary","BT809XZ"
"84833","2015-07",-7.302825,55.026516,"HEATHFIELD","Burglary","BT488JD"
"419078","2017-08",-5.923625,54.620926,"YORK ROAD","Criminal damage and arson","BT153GU"
"229649","2016-06",-6.650636,55.138962,"BLACKTHORN COURT","Anti-social behaviour","BT522EX"
"43892","2015-04",-5.913227,54.603864,"QUEENS ROAD","Criminal damage and arson","BT39DT"
"79572","2015-07",-6.343293,54.168239,"DUBLIN ROAD","Anti-social behaviour","BT781HQ"
"168589","2016-01",-5.853659,54.614952,"GLENDHU PARK","Criminal damage and arson","BT42QH"
"405269","2017-07",-7.626699,54.358535,"DRUMBAWN","Criminal damage and arson","BT746NX"
"131253","2015-10",-6.444229,54.41642,"THOMAS STREET","Drugs","BT436AZ"
"219968","2016-05",-5.947041,54.607309,"CHARLEVILLE STREET","Criminal damage and arson","BT131JY"
"413401","2017-08",-6.35424,54.450051,"DRUMBEG","Anti-social behaviour","BT655AH"
"345256","2017-03",-6.203265,54.721363,"SEACASH DRIVE","Anti-social behaviour","BT411AT"
"153901","2015-12",-6.210286,54.497312,"STATION ROAD","Anti-social behaviour","BT557HH"
"287736","2016-10",-5.935482,54.617013,"ATLANTIC AVENUE","Bicycle theft","BT152HN"
"121338","2015-09",-5.947033,54.597021,"SULTAN SQUARE","Violence and sexual offences","BT124SU"
"377090","2017-05",-5.760175,54.393302,"WESTLAND CLOSE","Criminal damage and arson","BT309HQ"
"344524","2017-03",-5.931754,54.598036,"FOUNTAIN STREET","Anti-social behaviour","BT828JF"
"119220","2015-09",-5.898825,54.536693,"OLD SAINTFIELD ROAD","Violence and sexual offences","BT88EY"
"385557","2017-06",-5.696575,54.598882,"NORTH SIDE PARK","Anti-social behaviour","BT237EY"
"182302","2016-02",-5.928635,54.592727,"ORMEAU AVENUE","Robbery","BT28HB"
"213219","2016-05",-5.932543,54.587061,"BOTANIC AVENUE","Anti-social behaviour","BT71JQ"
